trained_objective,step,checkpoint,evaluated_objective,direction,derivative,curvature,outcome_noise,class0_derivative,class1_derivative
PER_OUTCOME_ENSEMBLE_MMD,1,initial,PER_OUTCOME_ENSEMBLE_MMD,0,0.023969133615377263,-0.04582332088078278,0.25342648019925573,-0.12395669152460043,0.1718949587553535
PER_OUTCOME_ENSEMBLE_MMD,1,initial,PER_OUTCOME_ENSEMBLE_MMD,1,-0.138330794171313,0.11887330371361804,0.33814383971430073,-0.06951077549304834,-0.20715081284957693
PER_OUTCOME_ENSEMBLE_MMD,1,initial,PER_OUTCOME_ENSEMBLE_MMD,2,-0.019356097494049873,0.054542148435930304,0.27078933651880055,0.15675924857943446,-0.1954714435675335
PER_OUTCOME_ENSEMBLE_MMD,1,initial,PER_OUTCOME_ENSEMBLE_MMD,3,0.13928693799791264,0.03666954752382745,0.10479016450546222,0.3471825641360837,-0.06860868814025922
PER_OUTCOME_ENSEMBLE_MMD,1,initial,PER_OUTCOME_ENSEMBLE_MMD,4,0.05194805342320382,0.004757929567265062,0.11097069314414032,-0.4316790245950072,0.5355751314414148
PER_OUTCOME_ENSEMBLE_MMD,1,initial,PER_OUTCOME_ENSEMBLE_MMD,5,0.3359921145113772,0.048177451048248,0.22575166305534414,-0.06715454506281009,0.7391387740855645
PER_OUTCOME_ENSEMBLE_MMD,1,initial,PER_OUTCOME_ENSEMBLE_MMD,6,0.005838465130055445,0.07582956388572493,0.17376694403714302,-0.3241443387041021,0.3358212689642115
PER_OUTCOME_ENSEMBLE_MMD,1,initial,PER_OUTCOME_ENSEMBLE_MMD,7,-0.32946508888521986,0.036525814125480505,0.28068268460215123,-0.17109200441846126,-0.48783817335197766
PER_OUTCOME_ENSEMBLE_MMD,1,initial,PER_OUTCOME_ENSEMBLE_MMD,8,0.16207909678120247,0.03042214653802544,0.21008228032378032,0.257106516447676,0.06705167711472892
PER_OUTCOME_ENSEMBLE_MMD,1,initial,PER_OUTCOME_ENSEMBLE_MMD,9,-0.009202370399172082,0.11059354641550945,0.2135930826834455,0.08110463448980662,-0.09950937528815078
PER_OUTCOME_ENSEMBLE_MMD,1,initial,PER_OUTCOME_ENSEMBLE_MMD,10,0.6664205277238189,-0.09616357512021212,0.31610834399222576,0.9053692038292901,0.427471851618347
PER_OUTCOME_ENSEMBLE_MMD,1,initial,PER_OUTCOME_ENSEMBLE_MMD,11,-0.4668154333326206,-0.01548115189709609,0.17203957886701002,-0.11723101228802306,-0.8163998543772182
PER_OUTCOME_ENSEMBLE_MMD,1,initial,PER_OUTCOME_ENSEMBLE_MMD,12,-0.12343536800749992,0.005819718768381943,0.27409675523497556,-0.24142243797013796,-0.0054482980448626135
PER_OUTCOME_ENSEMBLE_MMD,1,initial,PER_OUTCOME_ENSEMBLE_MMD,13,0.16921680713827936,0.07381787992858957,0.1962166343882228,-0.2354737736641573,0.573907387940716
PER_OUTCOME_ENSEMBLE_MMD,1,initial,PER_OUTCOME_ENSEMBLE_MMD,14,0.37697232637493217,0.022691574833294315,0.18815315086124737,-0.042327669567197766,0.7962723223170614
PER_OUTCOME_ENSEMBLE_MMD,1,initial,PER_OUTCOME_ENSEMBLE_MMD,15,-0.1520167134442696,0.02636535839812293,0.268974801588874,0.5634856533328078,-0.8675190802213477
PER_OUTCOME_ENSEMBLE_MMD,1,initial,PER_OUTCOME_ENSEMBLE_MMD,16,-0.21114777921549774,0.1247170935533739,0.18539869271473258,-0.36690600185912636,-0.055389556571869836
PER_OUTCOME_ENSEMBLE_MMD,1,initial,PER_OUTCOME_ENSEMBLE_MMD,17,0.20204110598932123,0.04188344201223737,0.13974595956921793,-0.13399960003865527,0.5380818120172985
PER_OUTCOME_ENSEMBLE_MMD,1,initial,PER_OUTCOME_ENSEMBLE_MMD,18,-0.158724909518686,0.08709227223224891,0.2988530488723211,-0.21143878730512639,-0.10601103173224566
PER_OUTCOME_ENSEMBLE_MMD,1,initial,PER_OUTCOME_ENSEMBLE_MMD,19,-0.35313238270716346,0.06197314269478982,0.2428754792964361,-0.49265992590422564,-0.21360483951010129
PER_OUTCOME_ENSEMBLE_MMD,1,initial,PER_OUTCOME_ENSEMBLE_MMD,20,0.13132797840382054,0.14623587212536426,0.17618101540260991,0.0439102186784357,0.21874573812920536
PER_OUTCOME_ENSEMBLE_MMD,1,initial,PER_OUTCOME_ENSEMBLE_MMD,21,0.2535004014407324,0.06223145755815773,0.19772713637529316,0.32140021274028674,0.185600590141178
PER_OUTCOME_ENSEMBLE_MMD,1,initial,PER_OUTCOME_ENSEMBLE_MMD,22,-0.1608061947320638,-0.036666721339636776,0.4142921147749187,-0.5246983389362166,0.203085949472089
PER_OUTCOME_ENSEMBLE_MMD,1,initial,PER_OUTCOME_ENSEMBLE_MMD,23,-0.0024109544840674366,0.10244625690102849,0.13668097176581306,-0.07993499707954414,0.07511308811140927
PER_OUTCOME_ENSEMBLE_MMD,1,initial,PER_OUTCOME_ENSEMBLE_MMD,24,-0.1867137483728006,0.017705345203733902,0.22625438536887896,0.27690037405119516,-0.6503278707967963
PER_OUTCOME_ENSEMBLE_MMD,1,initial,PER_OUTCOME_ENSEMBLE_MMD,25,-0.4911278084491063,0.0514878976862021,0.2747396889529278,-0.05064850283856763,-0.9316071140596442
PER_OUTCOME_ENSEMBLE_MMD,1,initial,PER_OUTCOME_ENSEMBLE_MMD,26,0.1154685553367633,0.07308663083186184,0.1881666888355276,0.4009164252280417,-0.16997931455451515
PER_OUTCOME_ENSEMBLE_MMD,1,initial,PER_OUTCOME_ENSEMBLE_MMD,27,-0.13295899411518802,0.09583493526572928,0.15501251245277298,-0.19186230805914603,-0.07405568017123074
PER_OUTCOME_ENSEMBLE_MMD,1,initial,PER_OUTCOME_ENSEMBLE_MMD,28,0.5425121053287948,-0.048768316757275,0.3257340266171003,0.5258017141068468,0.559222496550742
PER_OUTCOME_ENSEMBLE_MMD,1,initial,PER_OUTCOME_ENSEMBLE_MMD,29,0.07119687700889887,0.04285154141155534,0.08741602047630695,0.25879701393518734,-0.11640325991738958
PER_OUTCOME_ENSEMBLE_MMD,1,initial,PER_OUTCOME_ENSEMBLE_MMD,30,0.15281204422381123,0.07613463075257654,0.1912125439211088,0.328035652939039,-0.022411564491416534
PER_OUTCOME_ENSEMBLE_MMD,1,initial,PER_OUTCOME_ENSEMBLE_MMD,31,0.2087210300399489,0.06382385295360393,0.3424926194998343,0.03467395424116745,0.3827681058387311
PER_OUTCOME_ENSEMBLE_MMD,1,initial,COMBINED_ENSEMBLE_MMD,0,-0.031203205310600023,-0.06846470447758879,0.25342648019925573,-0.15877586583783687,0.09636945521663609
PER_OUTCOME_ENSEMBLE_MMD,1,initial,COMBINED_ENSEMBLE_MMD,1,-0.24153842442145174,0.11720795649340676,0.33814383971430073,-0.16715779812941517,-0.3159190507134883
PER_OUTCOME_ENSEMBLE_MMD,1,initial,COMBINED_ENSEMBLE_MMD,2,-0.06599642330313257,0.04799567390778137,0.27078933651880055,0.13853852099418623,-0.2705313676004528
PER_OUTCOME_ENSEMBLE_MMD,1,initial,COMBINED_ENSEMBLE_MMD,3,0.11558964208499742,0.009580080538843738,0.10479016450546222,0.35913195709122847,-0.12795267292123436
PER_OUTCOME_ENSEMBLE_MMD,1,initial,COMBINED_ENSEMBLE_MMD,4,0.07398837571294929,-0.015130314016992052,0.11097069314414032,-0.42939943314024437,0.5773761845661429
PER_OUTCOME_ENSEMBLE_MMD,1,initial,COMBINED_ENSEMBLE_MMD,5,0.3640938071787966,0.025260672992260425,0.22575166305534414,-0.10164846199640051,0.8298360763539936
PER_OUTCOME_ENSEMBLE_MMD,1,initial,COMBINED_ENSEMBLE_MMD,6,0.04144211315576148,0.050316350381305774,0.17376694403714302,-0.3536314152934065,0.4365156416049295
PER_OUTCOME_ENSEMBLE_MMD,1,initial,COMBINED_ENSEMBLE_MMD,7,-0.4801371450149339,0.008252426464882667,0.28068268460215123,-0.30095772818004835,-0.6593165618498202
PER_OUTCOME_ENSEMBLE_MMD,1,initial,COMBINED_ENSEMBLE_MMD,8,0.22323042477048047,0.017746198917102163,0.21008228032378032,0.28115575432136203,0.16530509521959819
PER_OUTCOME_ENSEMBLE_MMD,1,initial,COMBINED_ENSEMBLE_MMD,9,0.0034631153254105485,0.10464490680660665,0.2135930826834455,0.10525104588152405,-0.09832481523070369
PER_OUTCOME_ENSEMBLE_MMD,1,initial,COMBINED_ENSEMBLE_MMD,10,0.8108288968043831,-0.12853085976550194,0.31610834399222576,1.0791869565700396,0.5424708370387273
PER_OUTCOME_ENSEMBLE_MMD,1,initial,COMBINED_ENSEMBLE_MMD,11,-0.5426983949521821,-0.03829754060954915,0.17203957886701002,-0.09794754571136619,-0.9874492441929987
PER_OUTCOME_ENSEMBLE_MMD,1,initial,COMBINED_ENSEMBLE_MMD,12,-0.19410765801919805,-0.014627855655417132,0.27409675523497556,-0.3058566483623001,-0.08235866767609532
PER_OUTCOME_ENSEMBLE_MMD,1,initial,COMBINED_ENSEMBLE_MMD,13,0.22842716199338237,0.07259581176549013,0.1962166343882228,-0.21449697391689634,0.6713512979036618
PER_OUTCOME_ENSEMBLE_MMD,1,initial,COMBINED_ENSEMBLE_MMD,14,0.4359748954605758,0.009366374258038324,0.18815315086124737,-0.05051046326216928,0.9224602541833209
PER_OUTCOME_ENSEMBLE_MMD,1,initial,COMBINED_ENSEMBLE_MMD,15,-0.06802216695645255,0.03465074580302785,0.268974801588874,0.6727743260408563,-0.8088186599537613
PER_OUTCOME_ENSEMBLE_MMD,1,initial,COMBINED_ENSEMBLE_MMD,16,-0.2865890259758756,0.13056572284801682,0.18539869271473258,-0.44613960178351436,-0.12703845016823684
PER_OUTCOME_ENSEMBLE_MMD,1,initial,COMBINED_ENSEMBLE_MMD,17,0.1365899262694111,0.008019097639174966,0.13974595956921793,-0.18871151668949854,0.46189136922832075
PER_OUTCOME_ENSEMBLE_MMD,1,initial,COMBINED_ENSEMBLE_MMD,18,-0.2169869462716682,0.0793957488944752,0.2988530488723211,-0.25127870019230336,-0.18269519235103154
PER_OUTCOME_ENSEMBLE_MMD,1,initial,COMBINED_ENSEMBLE_MMD,19,-0.4154016405886611,0.04749050095862728,0.2428754792964361,-0.5642132241059576,-0.26659005707136385
PER_OUTCOME_ENSEMBLE_MMD,1,initial,COMBINED_ENSEMBLE_MMD,20,0.16769928197533535,0.15127394843484332,0.17618101540260991,0.05699266983179759,0.2784058941188731
PER_OUTCOME_ENSEMBLE_MMD,1,initial,COMBINED_ENSEMBLE_MMD,21,0.3251918325009943,0.05332310713460098,0.19772713637529316,0.37223753368687296,0.27814613131511495
PER_OUTCOME_ENSEMBLE_MMD,1,initial,COMBINED_ENSEMBLE_MMD,22,-0.10896775454236915,-0.03818971529793913,0.4142921147749187,-0.5854882709201996,0.36755276183546126
PER_OUTCOME_ENSEMBLE_MMD,1,initial,COMBINED_ENSEMBLE_MMD,23,0.030723559652778103,0.06639994965297458,0.13668097176581306,-0.07516995728322688,0.13661707658878458
PER_OUTCOME_ENSEMBLE_MMD,1,initial,COMBINED_ENSEMBLE_MMD,24,-0.19983485086595643,0.009633919028539495,0.22625438536887896,0.2773832279559748,-0.6770529296878877
PER_OUTCOME_ENSEMBLE_MMD,1,initial,COMBINED_ENSEMBLE_MMD,25,-0.5482236938758438,0.039029151504473614,0.2747396889529278,-0.01798102281461859,-1.0784663649370705
PER_OUTCOME_ENSEMBLE_MMD,1,initial,COMBINED_ENSEMBLE_MMD,26,0.24724291534067522,0.0745951437113006,0.1881666888355276,0.5211918539567092,-0.026706023275359463
PER_OUTCOME_ENSEMBLE_MMD,1,initial,COMBINED_ENSEMBLE_MMD,27,-0.22191614751072564,0.0904165691579859,0.15501251245277298,-0.2597939967043554,-0.18403829831709592
PER_OUTCOME_ENSEMBLE_MMD,1,initial,COMBINED_ENSEMBLE_MMD,28,0.674988756240212,-0.061657714149078835,0.3257340266171003,0.6209117317688303,0.7290657807115938
PER_OUTCOME_ENSEMBLE_MMD,1,initial,COMBINED_ENSEMBLE_MMD,29,0.0950997530978559,0.03577312353565176,0.08741602047630695,0.24874097870272543,-0.05854147250701288
PER_OUTCOME_ENSEMBLE_MMD,1,initial,COMBINED_ENSEMBLE_MMD,30,0.19194905352022323,0.06389170757846419,0.1912125439211088,0.3891049066993565,-0.0052067996589107626
PER_OUTCOME_ENSEMBLE_MMD,1,initial,COMBINED_ENSEMBLE_MMD,31,0.21030435023835725,0.07846287447491607,0.3424926194998343,0.06529129695901434,0.3553174035177017
PER_OUTCOME_ENSEMBLE_MMD,1,intermediate,PER_OUTCOME_ENSEMBLE_MMD,0,-0.20555659091440304,0.4704391216608561,0.24364252275537185,-0.27900303120390124,-0.13211015062490525
PER_OUTCOME_ENSEMBLE_MMD,1,intermediate,PER_OUTCOME_ENSEMBLE_MMD,1,0.2206419857678858,0.5588475753444824,0.1685050710658042,0.44166866334440746,-0.00038469180863587304
PER_OUTCOME_ENSEMBLE_MMD,1,intermediate,PER_OUTCOME_ENSEMBLE_MMD,2,0.08599061563756968,0.49612259598660535,0.1599306303359446,0.0018888709859517703,0.1700923602891876
PER_OUTCOME_ENSEMBLE_MMD,1,intermediate,PER_OUTCOME_ENSEMBLE_MMD,3,-0.13877953230540271,0.5064760905202745,0.138466931507297,-0.30159800708144097,0.02403894247063517
PER_OUTCOME_ENSEMBLE_MMD,1,intermediate,PER_OUTCOME_ENSEMBLE_MMD,4,0.37271665429544965,0.5044707530596317,0.15678183201100743,0.32188080333760494,0.4235525052532948
PER_OUTCOME_ENSEMBLE_MMD,1,intermediate,PER_OUTCOME_ENSEMBLE_MMD,5,0.10072471099427364,0.61189042503624,0.13932387807449226,0.18859038220366017,0.012859039784887116
PER_OUTCOME_ENSEMBLE_MMD,1,intermediate,PER_OUTCOME_ENSEMBLE_MMD,6,-0.067628608908612,0.6017608982079903,0.21110047691490566,0.3307392903942674,-0.4659965082114918
PER_OUTCOME_ENSEMBLE_MMD,1,intermediate,PER_OUTCOME_ENSEMBLE_MMD,7,0.21391772378201113,0.5262058007183921,0.3835064062562788,0.1852488426659745,0.24258660489804815
PER_OUTCOME_ENSEMBLE_MMD,1,intermediate,PER_OUTCOME_ENSEMBLE_MMD,8,0.21441858276921022,0.5560744557950217,0.18253984979249277,0.18654265564417036,0.2422945098942501
PER_OUTCOME_ENSEMBLE_MMD,1,intermediate,PER_OUTCOME_ENSEMBLE_MMD,9,0.05400897668377813,0.6179654735885445,0.14021905978201019,-0.23241650501710454,0.34043445838466047
PER_OUTCOME_ENSEMBLE_MMD,1,intermediate,PER_OUTCOME_ENSEMBLE_MMD,10,-0.08001855956778418,0.7781740299044633,0.21281902780456471,-0.0789911818645983,-0.08104593727096969
PER_OUTCOME_ENSEMBLE_MMD,1,intermediate,PER_OUTCOME_ENSEMBLE_MMD,11,0.1284804923262839,0.5504661263393795,0.23528661370402393,-0.1268451631098718,0.38380614776243993
PER_OUTCOME_ENSEMBLE_MMD,1,intermediate,PER_OUTCOME_ENSEMBLE_MMD,12,0.1482835127467545,0.4484257959050806,0.27039190521753137,0.2554200293361945,0.04114699615731484
PER_OUTCOME_ENSEMBLE_MMD,1,intermediate,PER_OUTCOME_ENSEMBLE_MMD,13,0.3385498073450166,0.550896107662671,0.18136122604220972,0.2850546350065699,0.3920449796834635
PER_OUTCOME_ENSEMBLE_MMD,1,intermediate,PER_OUTCOME_ENSEMBLE_MMD,14,-0.18007051974037885,0.43952310830989005,0.21434420380712974,-0.3701077613193129,0.009966721838554626
PER_OUTCOME_ENSEMBLE_MMD,1,intermediate,PER_OUTCOME_ENSEMBLE_MMD,15,-0.3759111066215356,0.552131521245655,0.131236550439676,-0.5420475927773232,-0.20977462046574802
PER_OUTCOME_ENSEMBLE_MMD,1,intermediate,PER_OUTCOME_ENSEMBLE_MMD,16,-0.12533793048805864,0.5150278831093837,0.19428990372956992,0.3248713987029532,-0.5755472596790701
PER_OUTCOME_ENSEMBLE_MMD,1,intermediate,PER_OUTCOME_ENSEMBLE_MMD,17,0.0961718639097009,0.4248725110671423,0.25448248580921345,-0.3179073072766096,0.510251035096011
PER_OUTCOME_ENSEMBLE_MMD,1,intermediate,PER_OUTCOME_ENSEMBLE_MMD,18,-0.28160903559975176,0.5408162817169806,0.12678915500412524,-0.250457867142051,-0.31276020405745253
PER_OUTCOME_ENSEMBLE_MMD,1,intermediate,PER_OUTCOME_ENSEMBLE_MMD,19,0.03147818354898857,0.5316106735691466,0.19472069077606907,0.249108818589322,-0.1861524514913445
PER_OUTCOME_ENSEMBLE_MMD,1,intermediate,PER_OUTCOME_ENSEMBLE_MMD,20,0.11503800886235593,0.6925063949731569,0.23000262862788345,-0.12495940886278589,0.35503542658749776
PER_OUTCOME_ENSEMBLE_MMD,1,intermediate,PER_OUTCOME_ENSEMBLE_MMD,21,0.40101070591113674,0.5074945751548683,0.08026920772579209,0.711741883955348,0.09027952786692588
PER_OUTCOME_ENSEMBLE_MMD,1,intermediate,PER_OUTCOME_ENSEMBLE_MMD,22,0.045097503191427656,0.5420478440104712,0.27060060764274757,-0.2041081886485848,0.2943031950314401
PER_OUTCOME_ENSEMBLE_MMD,1,intermediate,PER_OUTCOME_ENSEMBLE_MMD,23,0.41581098173263425,0.6982121339106884,0.18932912339138305,0.5286809744010912,0.3029409890641773
PER_OUTCOME_ENSEMBLE_MMD,1,intermediate,PER_OUTCOME_ENSEMBLE_MMD,24,0.054004323504836346,0.5868261544462094,0.21028475530064072,-0.20862753496715442,0.31663618197682675
PER_OUTCOME_ENSEMBLE_MMD,1,intermediate,PER_OUTCOME_ENSEMBLE_MMD,25,-0.2751848989323628,0.5265031521554384,0.1822058872094704,0.10133926196894794,-0.6517090598336732
PER_OUTCOME_ENSEMBLE_MMD,1,intermediate,PER_OUTCOME_ENSEMBLE_MMD,26,-0.04544444130273958,0.42533571899419775,0.12728060218545284,-0.007609495091713455,-0.08327938751376533
PER_OUTCOME_ENSEMBLE_MMD,1,intermediate,PER_OUTCOME_ENSEMBLE_MMD,27,0.014626525703403578,0.6124312701604337,0.12185723189915591,0.24267966630551752,-0.21342661489871073
PER_OUTCOME_ENSEMBLE_MMD,1,intermediate,PER_OUTCOME_ENSEMBLE_MMD,28,0.00033492271025189113,0.549104044461773,0.07315070366866935,0.33541172705544353,-0.3347418816349401
PER_OUTCOME_ENSEMBLE_MMD,1,intermediate,PER_OUTCOME_ENSEMBLE_MMD,29,-0.06277979823877382,0.686558674625438,0.23982522705155931,0.05088459427585956,-0.17644419075340756
PER_OUTCOME_ENSEMBLE_MMD,1,intermediate,PER_OUTCOME_ENSEMBLE_MMD,30,-0.005799338017352662,0.49961406475104275,0.13702402214523682,-0.1322925203457796,0.12069384431107463
PER_OUTCOME_ENSEMBLE_MMD,1,intermediate,PER_OUTCOME_ENSEMBLE_MMD,31,-0.05504814973565142,0.3997544404221569,0.11364362953568094,0.10482643909446199,-0.21492273856576521
PER_OUTCOME_ENSEMBLE_MMD,1,intermediate,COMBINED_ENSEMBLE_MMD,0,-0.15763668541199335,0.4390623168258788,0.24364252275537185,-0.17302640487314486,-0.1422469659508415
PER_OUTCOME_ENSEMBLE_MMD,1,intermediate,COMBINED_ENSEMBLE_MMD,1,0.17806419314102392,0.5038125140647102,0.1685050710658042,0.42010556082071976,-0.06397717453867117
PER_OUTCOME_ENSEMBLE_MMD,1,intermediate,COMBINED_ENSEMBLE_MMD,2,0.14046360421410017,0.4603309420021767,0.1599306303359446,0.12219832920435862,0.1587288792238417
PER_OUTCOME_ENSEMBLE_MMD,1,intermediate,COMBINED_ENSEMBLE_MMD,3,-0.1971405646994373,0.4698199880845909,0.138466931507297,-0.27629278347316805,-0.11798834592570659
PER_OUTCOME_ENSEMBLE_MMD,1,intermediate,COMBINED_ENSEMBLE_MMD,4,0.34849647971895975,0.46430219724158783,0.15678183201100743,0.2781586905159369,0.4188342689219826
PER_OUTCOME_ENSEMBLE_MMD,1,intermediate,COMBINED_ENSEMBLE_MMD,5,0.12890696691099102,0.5763468854659731,0.13932387807449226,0.2359408381681046,0.021873095653877073
PER_OUTCOME_ENSEMBLE_MMD,1,intermediate,COMBINED_ENSEMBLE_MMD,6,-0.04211821386349901,0.5411478648384481,0.21110047691490566,0.2801054193985808,-0.3643418471255792
PER_OUTCOME_ENSEMBLE_MMD,1,intermediate,COMBINED_ENSEMBLE_MMD,7,0.16958990039212013,0.450755038059382,0.3835064062562788,0.124626084040849,0.2145537167433916
PER_OUTCOME_ENSEMBLE_MMD,1,intermediate,COMBINED_ENSEMBLE_MMD,8,0.20558780955004705,0.5136667385544077,0.18253984979249277,0.1301577769230544,0.2810178421770393
PER_OUTCOME_ENSEMBLE_MMD,1,intermediate,COMBINED_ENSEMBLE_MMD,9,0.043730818826998405,0.5650617823368206,0.14021905978201019,-0.24866292192971837,0.33612455958371557
PER_OUTCOME_ENSEMBLE_MMD,1,intermediate,COMBINED_ENSEMBLE_MMD,10,0.07168631616009706,0.7518886824424079,0.21281902780456471,0.02635622028229904,0.11701641203789508
PER_OUTCOME_ENSEMBLE_MMD,1,intermediate,COMBINED_ENSEMBLE_MMD,11,-0.01238333414259903,0.5313512917606157,0.23528661370402393,-0.24191831627400945,0.217151647988811
PER_OUTCOME_ENSEMBLE_MMD,1,intermediate,COMBINED_ENSEMBLE_MMD,12,0.1784545492295801,0.41342684934105123,0.27039190521753137,0.261378496397322,0.0955306020618385
PER_OUTCOME_ENSEMBLE_MMD,1,intermediate,COMBINED_ENSEMBLE_MMD,13,0.3086674340925892,0.4840805245660743,0.18136122604220972,0.13991169550292265,0.4774231726822561
PER_OUTCOME_ENSEMBLE_MMD,1,intermediate,COMBINED_ENSEMBLE_MMD,14,-0.18294553334207117,0.3914023194205948,0.21434420380712974,-0.3605782814248741,-0.005312785259267891
PER_OUTCOME_ENSEMBLE_MMD,1,intermediate,COMBINED_ENSEMBLE_MMD,15,-0.4308225406166851,0.5427722766966115,0.131236550439676,-0.6008059617047106,-0.2608391195286597
PER_OUTCOME_ENSEMBLE_MMD,1,intermediate,COMBINED_ENSEMBLE_MMD,16,-0.11718086132091465,0.4693307948819291,0.19428990372956992,0.36638861946425294,-0.6007503421060827
PER_OUTCOME_ENSEMBLE_MMD,1,intermediate,COMBINED_ENSEMBLE_MMD,17,0.09253185555142837,0.37908601438118794,0.25448248580921345,-0.2935816588799919,0.47864536998284857
PER_OUTCOME_ENSEMBLE_MMD,1,intermediate,COMBINED_ENSEMBLE_MMD,18,-0.2915316122495256,0.4995518666222897,0.12678915500412524,-0.21502759492561493,-0.3680356295734359
PER_OUTCOME_ENSEMBLE_MMD,1,intermediate,COMBINED_ENSEMBLE_MMD,19,0.012834317774498654,0.5065365656090955,0.19472069077606907,0.2562957223914508,-0.23062708684245353
PER_OUTCOME_ENSEMBLE_MMD,1,intermediate,COMBINED_ENSEMBLE_MMD,20,0.14588116302480247,0.6214795787977209,0.23000262862788345,-0.12459381672004963,0.41635614276965494
PER_OUTCOME_ENSEMBLE_MMD,1,intermediate,COMBINED_ENSEMBLE_MMD,21,0.27793538170719834,0.4723687678659326,0.08026920772579209,0.5527664890004236,0.0031042744139734664
PER_OUTCOME_ENSEMBLE_MMD,1,intermediate,COMBINED_ENSEMBLE_MMD,22,-0.05974634244111747,0.49393490333683887,0.27060060764274757,-0.3429859843930546,0.22349329951081964
PER_OUTCOME_ENSEMBLE_MMD,1,intermediate,COMBINED_ENSEMBLE_MMD,23,0.4280431970279194,0.6638932786110822,0.18932912339138305,0.5321056022280573,0.32398079182778117
PER_OUTCOME_ENSEMBLE_MMD,1,intermediate,COMBINED_ENSEMBLE_MMD,24,-6.178960692659885e-05,0.54308674535448,0.21028475530064072,-0.1983773697002726,0.19825379048641975
PER_OUTCOME_ENSEMBLE_MMD,1,intermediate,COMBINED_ENSEMBLE_MMD,25,-0.3370956233457234,0.4728960086934656,0.1822058872094704,0.008488821600205476,-0.6826800682916527
PER_OUTCOME_ENSEMBLE_MMD,1,intermediate,COMBINED_ENSEMBLE_MMD,26,-0.014525843013933523,0.37743175899139925,0.12728060218545284,0.007740557165715571,-0.03679224319358225
PER_OUTCOME_ENSEMBLE_MMD,1,intermediate,COMBINED_ENSEMBLE_MMD,27,0.0591540764943795,0.555282820129389,0.12185723189915591,0.2512883420307962,-0.13298018904203718
PER_OUTCOME_ENSEMBLE_MMD,1,intermediate,COMBINED_ENSEMBLE_MMD,28,-0.019355245969266965,0.5167227173993788,0.07315070366866935,0.2793832163867016,-0.3180937083252359
PER_OUTCOME_ENSEMBLE_MMD,1,intermediate,COMBINED_ENSEMBLE_MMD,29,-0.15206538000429778,0.6317960961381944,0.23982522705155931,-0.011114924070794915,-0.293015835937801
PER_OUTCOME_ENSEMBLE_MMD,1,intermediate,COMBINED_ENSEMBLE_MMD,30,0.03644102496993392,0.44864979608934663,0.13702402214523682,-0.05207359882355508,0.12495564876342329
PER_OUTCOME_ENSEMBLE_MMD,1,intermediate,COMBINED_ENSEMBLE_MMD,31,0.0578492588269756,0.3659833496927912,0.11364362953568094,0.26023928130471646,-0.14454076365076526
PER_OUTCOME_ENSEMBLE_MMD,1,best,PER_OUTCOME_ENSEMBLE_MMD,0,-0.17480370417041757,0.504876485208132,0.2091455502771323,-0.273939309998111,-0.07566809834272381
PER_OUTCOME_ENSEMBLE_MMD,1,best,PER_OUTCOME_ENSEMBLE_MMD,1,0.06017801924243431,0.6379562642742413,0.18596422455528308,0.271380170563161,-0.15102413207829235
PER_OUTCOME_ENSEMBLE_MMD,1,best,PER_OUTCOME_ENSEMBLE_MMD,2,-0.12398320344351992,0.6059600290397102,0.10857258649971771,-0.021112436401902933,-0.2268539704851369
PER_OUTCOME_ENSEMBLE_MMD,1,best,PER_OUTCOME_ENSEMBLE_MMD,3,-0.10267940045914174,0.5907216922394432,0.12616313343061702,-0.06052536752329252,-0.14483343339499116
PER_OUTCOME_ENSEMBLE_MMD,1,best,PER_OUTCOME_ENSEMBLE_MMD,4,0.2554197031239506,0.552409144551117,0.17697558222659956,0.1064556766948773,0.4043837295530236
PER_OUTCOME_ENSEMBLE_MMD,1,best,PER_OUTCOME_ENSEMBLE_MMD,5,0.2255046383103576,0.7405132551222853,0.1806406082689491,0.39710895227127785,0.053900324349437
PER_OUTCOME_ENSEMBLE_MMD,1,best,PER_OUTCOME_ENSEMBLE_MMD,6,-0.014796581363034633,0.7302468989297559,0.22000451847275385,0.20692211079639442,-0.23651527352246332
PER_OUTCOME_ENSEMBLE_MMD,1,best,PER_OUTCOME_ENSEMBLE_MMD,7,0.36493213792013574,0.6309403420863899,0.22585019160032524,0.5100329980869627,0.21983127775330846
PER_OUTCOME_ENSEMBLE_MMD,1,best,PER_OUTCOME_ENSEMBLE_MMD,8,0.23182037700558045,0.667631561819672,0.1337923431393463,0.00997571582708745,0.45366503818407383
PER_OUTCOME_ENSEMBLE_MMD,1,best,PER_OUTCOME_ENSEMBLE_MMD,9,0.09031030168165866,0.7057069676428409,0.2809805001539428,-0.16649710986237207,0.3471177132256894
PER_OUTCOME_ENSEMBLE_MMD,1,best,PER_OUTCOME_ENSEMBLE_MMD,10,-0.009869129409981747,0.8108713843230453,0.21734444952376297,-0.08999885197338817,0.07026059315342467
PER_OUTCOME_ENSEMBLE_MMD,1,best,PER_OUTCOME_ENSEMBLE_MMD,11,0.13717565560293243,0.5972001023565956,0.25699693111780686,-0.22368560139995738,0.4980369126058223
PER_OUTCOME_ENSEMBLE_MMD,1,best,PER_OUTCOME_ENSEMBLE_MMD,12,0.07087268113670886,0.5178791254968527,0.30511493844526555,0.07038614439384472,0.071359217879573
PER_OUTCOME_ENSEMBLE_MMD,1,best,PER_OUTCOME_ENSEMBLE_MMD,13,0.2266853355768561,0.6492767648325117,0.15194422325759058,0.2861438597784131,0.16722681137529913
PER_OUTCOME_ENSEMBLE_MMD,1,best,PER_OUTCOME_ENSEMBLE_MMD,14,-0.05885390007072185,0.5341890690226965,0.16908478703641636,-0.3627500497922692,0.24504224965082572
PER_OUTCOME_ENSEMBLE_MMD,1,best,PER_OUTCOME_ENSEMBLE_MMD,15,-0.27319397680418395,0.5931206821674777,0.11846115718964154,-0.5459590885438692,-0.0004288650644986477
PER_OUTCOME_ENSEMBLE_MMD,1,best,PER_OUTCOME_ENSEMBLE_MMD,16,-0.020206474253994244,0.609535275865219,0.19917422479924202,0.40041112218591857,-0.4408240706939067
PER_OUTCOME_ENSEMBLE_MMD,1,best,PER_OUTCOME_ENSEMBLE_MMD,17,0.040252561170205745,0.49993467562811933,0.22578587105902798,-0.34523014043500966,0.4257352627754211
PER_OUTCOME_ENSEMBLE_MMD,1,best,PER_OUTCOME_ENSEMBLE_MMD,18,-0.11894886811355125,0.6143365954848805,0.16214637456772232,-0.020965964128257797,-0.21693177209884434
PER_OUTCOME_ENSEMBLE_MMD,1,best,PER_OUTCOME_ENSEMBLE_MMD,19,0.12492281750863958,0.663898384238051,0.22959930280279714,0.23793530365684787,0.011910331360430737
PER_OUTCOME_ENSEMBLE_MMD,1,best,PER_OUTCOME_ENSEMBLE_MMD,20,0.0660164294516911,0.7962953820854295,0.23901451938341525,-0.4014546068496087,0.5334874657529909
PER_OUTCOME_ENSEMBLE_MMD,1,best,PER_OUTCOME_ENSEMBLE_MMD,21,0.21325295228519114,0.5797476334000835,0.1373288830111078,0.45275222383034575,-0.02624631925996305
PER_OUTCOME_ENSEMBLE_MMD,1,best,PER_OUTCOME_ENSEMBLE_MMD,22,-0.08088969416718736,0.6454131515764494,0.28177754633848,-0.32720138481929895,0.1654219964849239
PER_OUTCOME_ENSEMBLE_MMD,1,best,PER_OUTCOME_ENSEMBLE_MMD,23,0.26382093042110366,0.8123708684997564,0.2291876184200355,0.3740767430166603,0.15356511782554705
PER_OUTCOME_ENSEMBLE_MMD,1,best,PER_OUTCOME_ENSEMBLE_MMD,24,-0.055160773917805425,0.7137841398549152,0.244840156979247,-0.22213495098573696,0.11181340315012649
PER_OUTCOME_ENSEMBLE_MMD,1,best,PER_OUTCOME_ENSEMBLE_MMD,25,-0.16497735854602977,0.6299759959657287,0.18547948584007642,0.036362634012252114,-0.366317351104312
PER_OUTCOME_ENSEMBLE_MMD,1,best,PER_OUTCOME_ENSEMBLE_MMD,26,-0.020311656017102758,0.5426987381975257,0.10802258583048885,0.03009262709357604,-0.07071593912778193
PER_OUTCOME_ENSEMBLE_MMD,1,best,PER_OUTCOME_ENSEMBLE_MMD,27,-0.05835877569483561,0.6898295819481695,0.17287735176039906,0.12458080243519243,-0.24129835382486364
PER_OUTCOME_ENSEMBLE_MMD,1,best,PER_OUTCOME_ENSEMBLE_MMD,28,0.058698204510861204,0.6284075606837687,0.20371896792900385,0.15743868033276062,-0.04004227131103859
PER_OUTCOME_ENSEMBLE_MMD,1,best,PER_OUTCOME_ENSEMBLE_MMD,29,-0.17584281048470873,0.7107767807204406,0.29200626027045234,-0.19838864469201062,-0.15329697627740688
PER_OUTCOME_ENSEMBLE_MMD,1,best,PER_OUTCOME_ENSEMBLE_MMD,30,0.005492709499604528,0.5594664478450764,0.2070961856504982,-0.10755208239581279,0.11853750139502184
PER_OUTCOME_ENSEMBLE_MMD,1,best,PER_OUTCOME_ENSEMBLE_MMD,31,0.06395538976640285,0.43152060277764703,0.20919058275165278,0.22433212358056473,-0.09642134404775904
PER_OUTCOME_ENSEMBLE_MMD,1,best,COMBINED_ENSEMBLE_MMD,0,-0.18106124054793155,0.4450248752252206,0.2091455502771323,-0.23946418150212886,-0.12265829959373457
PER_OUTCOME_ENSEMBLE_MMD,1,best,COMBINED_ENSEMBLE_MMD,1,0.02480525005671863,0.5706170317342318,0.18596422455528308,0.2282388323505073,-0.17862833223707003
PER_OUTCOME_ENSEMBLE_MMD,1,best,COMBINED_ENSEMBLE_MMD,2,-0.03363788536576003,0.5421584813308562,0.10857258649971771,0.14896135697264595,-0.21623712770416564
PER_OUTCOME_ENSEMBLE_MMD,1,best,COMBINED_ENSEMBLE_MMD,3,-0.16469717763076747,0.5366818190802571,0.12616313343061702,-0.0877726406370775,-0.24162171462445742
PER_OUTCOME_ENSEMBLE_MMD,1,best,COMBINED_ENSEMBLE_MMD,4,0.24013626807554977,0.4957630897083345,0.17697558222659956,0.10444793015491764,0.37582460599618195
PER_OUTCOME_ENSEMBLE_MMD,1,best,COMBINED_ENSEMBLE_MMD,5,0.23129932723495394,0.6711648905779359,0.1806406082689491,0.38169034454940726,0.08090830992050066
PER_OUTCOME_ENSEMBLE_MMD,1,best,COMBINED_ENSEMBLE_MMD,6,0.0246459484198136,0.6484222113142595,0.22000451847275385,0.17931243616723974,-0.13002053932761254
PER_OUTCOME_ENSEMBLE_MMD,1,best,COMBINED_ENSEMBLE_MMD,7,0.25010978593088024,0.5204447488962858,0.22585019160032524,0.31807206082913986,0.18214751103262058
PER_OUTCOME_ENSEMBLE_MMD,1,best,COMBINED_ENSEMBLE_MMD,8,0.23061445441589207,0.6149053912130271,0.1337923431393463,0.010214883622801096,0.45101402520898337
PER_OUTCOME_ENSEMBLE_MMD,1,best,COMBINED_ENSEMBLE_MMD,9,0.08202855715504462,0.6309130629778705,0.2809805001539428,-0.18626673823193646,0.3503238525420257
PER_OUTCOME_ENSEMBLE_MMD,1,best,COMBINED_ENSEMBLE_MMD,10,0.13211115796642176,0.7523102326872029,0.21734444952376297,0.05890078995472855,0.20532152597811532
PER_OUTCOME_ENSEMBLE_MMD,1,best,COMBINED_ENSEMBLE_MMD,11,-0.021017238066943777,0.5554897244527113,0.25699693111780686,-0.3772425645285068,0.3352080883946196
PER_OUTCOME_ENSEMBLE_MMD,1,best,COMBINED_ENSEMBLE_MMD,12,0.10890400251795218,0.46861427040985726,0.30511493844526555,0.08860468018064283,0.12920332485526193
PER_OUTCOME_ENSEMBLE_MMD,1,best,COMBINED_ENSEMBLE_MMD,13,0.16988340592293188,0.561796684419476,0.15194422325759058,0.12082218911569058,0.2189446227301739
PER_OUTCOME_ENSEMBLE_MMD,1,best,COMBINED_ENSEMBLE_MMD,14,-0.08428271515344643,0.4668056374565053,0.16908478703641636,-0.37001088232461843,0.20144545201772557
PER_OUTCOME_ENSEMBLE_MMD,1,best,COMBINED_ENSEMBLE_MMD,15,-0.3733904837633425,0.5531411902993577,0.11846115718964154,-0.6788543697207932,-0.06792659780589183
PER_OUTCOME_ENSEMBLE_MMD,1,best,COMBINED_ENSEMBLE_MMD,16,-0.027656484841829254,0.5468151257105855,0.19917422479924202,0.36798414531852397,-0.42329711500218214
PER_OUTCOME_ENSEMBLE_MMD,1,best,COMBINED_ENSEMBLE_MMD,17,0.042822873956338735,0.4288553346047348,0.22578587105902798,-0.288408262246167,0.3740540101588445
PER_OUTCOME_ENSEMBLE_MMD,1,best,COMBINED_ENSEMBLE_MMD,18,-0.18365559653446217,0.5496904262501141,0.16214637456772232,-0.0658525286675075,-0.3014586644014172
PER_OUTCOME_ENSEMBLE_MMD,1,best,COMBINED_ENSEMBLE_MMD,19,0.1077056856191616,0.60670307614317,0.22959930280279714,0.22370446633103022,-0.008293095092707
PER_OUTCOME_ENSEMBLE_MMD,1,best,COMBINED_ENSEMBLE_MMD,20,0.11287845639252633,0.7070703420968738,0.23901451938341525,-0.33964830400464574,0.565405216789698
PER_OUTCOME_ENSEMBLE_MMD,1,best,COMBINED_ENSEMBLE_MMD,21,0.15455813307361382,0.5162513233875539,0.1373288830111078,0.37160143406213875,-0.06248516791491114
PER_OUTCOME_ENSEMBLE_MMD,1,best,COMBINED_ENSEMBLE_MMD,22,-0.23397593787969279,0.5748211582750393,0.28177754633848,-0.5460794112388653,0.07812753547947934
PER_OUTCOME_ENSEMBLE_MMD,1,best,COMBINED_ENSEMBLE_MMD,23,0.27580506463062465,0.7506566188132744,0.2291876184200355,0.4012475455506137,0.1503625837106352
PER_OUTCOME_ENSEMBLE_MMD,1,best,COMBINED_ENSEMBLE_MMD,24,-0.13422646473389496,0.6549124534370834,0.244840156979247,-0.22836023194075666,-0.04009269752703326
PER_OUTCOME_ENSEMBLE_MMD,1,best,COMBINED_ENSEMBLE_MMD,25,-0.2245576371979574,0.5598579069891627,0.18547948584007642,-0.0058000011195546985,-0.4433152732763601
PER_OUTCOME_ENSEMBLE_MMD,1,best,COMBINED_ENSEMBLE_MMD,26,0.03913905340604355,0.4965106600352489,0.10802258583048885,0.09400263329778502,-0.015724526485698297
PER_OUTCOME_ENSEMBLE_MMD,1,best,COMBINED_ENSEMBLE_MMD,27,-0.00709446828142594,0.6223774975511303,0.17287735176039906,0.13982239099838906,-0.15401132756124092
PER_OUTCOME_ENSEMBLE_MMD,1,best,COMBINED_ENSEMBLE_MMD,28,0.10351167335096076,0.5618537614456292,0.20371896792900385,0.2606611022482101,-0.05363775554628932
PER_OUTCOME_ENSEMBLE_MMD,1,best,COMBINED_ENSEMBLE_MMD,29,-0.28106911370295196,0.643632480605816,0.29200626027045234,-0.25793049886482605,-0.30420772854107714
PER_OUTCOME_ENSEMBLE_MMD,1,best,COMBINED_ENSEMBLE_MMD,30,0.036380465367248746,0.489693115498433,0.2070961856504982,-0.029391533983567458,0.10215246471806494
PER_OUTCOME_ENSEMBLE_MMD,1,best,COMBINED_ENSEMBLE_MMD,31,0.13468343644895575,0.37939357537927265,0.20919058275165278,0.33305617064253834,-0.06368929774462684
PER_OUTCOME_ENSEMBLE_MMD,2,initial,PER_OUTCOME_ENSEMBLE_MMD,0,-0.0824855261993777,0.036283218342363366,0.08651968154300221,-0.24349894973576464,0.07852789733700924
PER_OUTCOME_ENSEMBLE_MMD,2,initial,PER_OUTCOME_ENSEMBLE_MMD,1,-0.13784381064256576,0.029906908116019704,0.0629957513691146,-0.2853075553909542,0.009619934105823033
PER_OUTCOME_ENSEMBLE_MMD,2,initial,PER_OUTCOME_ENSEMBLE_MMD,2,-0.07856157154712404,0.045093917783390225,0.08119561237284989,-0.13106800825748927,-0.02605513483675918
PER_OUTCOME_ENSEMBLE_MMD,2,initial,PER_OUTCOME_ENSEMBLE_MMD,3,0.06153377655881087,0.02071578927706197,0.028220606035982268,0.14798728186675678,-0.024919728749135027
PER_OUTCOME_ENSEMBLE_MMD,2,initial,PER_OUTCOME_ENSEMBLE_MMD,4,0.22251397638205161,0.024669939943699593,0.04302039989677462,0.17638507812314463,0.2686428746409588
PER_OUTCOME_ENSEMBLE_MMD,2,initial,PER_OUTCOME_ENSEMBLE_MMD,5,0.13512144184951208,0.056807433647989125,0.0643016350278221,0.26962454295280364,0.0006183407462208764
PER_OUTCOME_ENSEMBLE_MMD,2,initial,PER_OUTCOME_ENSEMBLE_MMD,6,-0.10063944994848936,-0.014019057637712606,0.10799649398338046,-0.20416228392867536,0.0028833840316964494
PER_OUTCOME_ENSEMBLE_MMD,2,initial,PER_OUTCOME_ENSEMBLE_MMD,7,0.11970341835309281,0.01394579900643289,0.09490073665170208,0.11076496403958247,0.12864187266660276
PER_OUTCOME_ENSEMBLE_MMD,2,initial,PER_OUTCOME_ENSEMBLE_MMD,8,0.24884946867707777,0.057180658330110656,0.03415780923903143,0.24223990374682,0.2554590336073356
PER_OUTCOME_ENSEMBLE_MMD,2,initial,PER_OUTCOME_ENSEMBLE_MMD,9,0.09125117338514399,0.04953928252443829,0.043348289645654285,0.3309126667855522,-0.1484103200152646
PER_OUTCOME_ENSEMBLE_MMD,2,initial,PER_OUTCOME_ENSEMBLE_MMD,10,0.07079041549065912,0.05017933177245082,0.07233053789683727,0.20340880144773754,-0.0618279704664193
PER_OUTCOME_ENSEMBLE_MMD,2,initial,PER_OUTCOME_ENSEMBLE_MMD,11,-0.010325683273029556,0.04891796815004357,0.08764764166670383,0.09788410383667809,-0.11853547038273682
PER_OUTCOME_ENSEMBLE_MMD,2,initial,PER_OUTCOME_ENSEMBLE_MMD,12,0.3097803310031155,0.04557942651041036,0.042279630941679344,0.04989519318104171,0.5696654688251895
PER_OUTCOME_ENSEMBLE_MMD,2,initial,PER_OUTCOME_ENSEMBLE_MMD,13,0.1039500022536292,0.05474319133531802,0.038539602068107394,-0.01888114436475889,0.2267811488720171
PER_OUTCOME_ENSEMBLE_MMD,2,initial,PER_OUTCOME_ENSEMBLE_MMD,14,0.07310947795475883,0.006917800947393582,0.0747568104955765,0.1449888738164573,0.0012300820930599698
PER_OUTCOME_ENSEMBLE_MMD,2,initial,PER_OUTCOME_ENSEMBLE_MMD,15,-0.1522266523565785,0.03253169805814338,0.058804796517386265,-0.04505249017060361,-0.25940081454255304
PER_OUTCOME_ENSEMBLE_MMD,2,initial,PER_OUTCOME_ENSEMBLE_MMD,16,-0.01574010669501099,0.021062150630769105,0.085055367623595,-0.20023373111098586,0.16875351772096425
PER_OUTCOME_ENSEMBLE_MMD,2,initial,PER_OUTCOME_ENSEMBLE_MMD,17,-0.2232733774741269,0.023420109833147906,0.13307171283709388,-0.2051956136253974,-0.24135114132285604
PER_OUTCOME_ENSEMBLE_MMD,2,initial,PER_OUTCOME_ENSEMBLE_MMD,18,0.23436354305138724,0.033115621224999,0.05820404717044738,-0.04684080117397664,0.5155678872767511
PER_OUTCOME_ENSEMBLE_MMD,2,initial,PER_OUTCOME_ENSEMBLE_MMD,19,-0.028494697316131155,0.05358443578582217,0.07021761405096466,0.10287343360697847,-0.15986282823924114
PER_OUTCOME_ENSEMBLE_MMD,2,initial,PER_OUTCOME_ENSEMBLE_MMD,20,-0.04673929342136951,-0.004232712511897496,0.050918075434358896,-0.040360512510661715,-0.05311807433207657
PER_OUTCOME_ENSEMBLE_MMD,2,initial,PER_OUTCOME_ENSEMBLE_MMD,21,-0.07302234019279283,0.01984600746861198,0.08211587429979711,-0.22409264409242588,0.07804796370684024
PER_OUTCOME_ENSEMBLE_MMD,2,initial,PER_OUTCOME_ENSEMBLE_MMD,22,-0.09002648723203444,0.021653645388503673,0.04552560526600453,0.21629835328080235,-0.39635132774487103
PER_OUTCOME_ENSEMBLE_MMD,2,initial,PER_OUTCOME_ENSEMBLE_MMD,23,0.016071521480922984,0.03855072935787085,0.06441435050883514,0.08359257617125009,-0.05144953320940412
PER_OUTCOME_ENSEMBLE_MMD,2,initial,PER_OUTCOME_ENSEMBLE_MMD,24,-0.1163173371280668,0.009889059544044398,0.09816539736537787,-0.1846839327549636,-0.047950741501170034
PER_OUTCOME_ENSEMBLE_MMD,2,initial,PER_OUTCOME_ENSEMBLE_MMD,25,0.08014206769104545,0.060692675416656794,0.07474452272565153,0.14243868013390468,0.017845455248185853
PER_OUTCOME_ENSEMBLE_MMD,2,initial,PER_OUTCOME_ENSEMBLE_MMD,26,-0.019210766455280602,0.05304183035662313,0.055405014082697865,0.03317839911388195,-0.07159993202444352
PER_OUTCOME_ENSEMBLE_MMD,2,initial,PER_OUTCOME_ENSEMBLE_MMD,27,-0.041342911538606586,0.02609728684236856,0.05395602014567217,-0.11126092497998674,0.02857510190277283
PER_OUTCOME_ENSEMBLE_MMD,2,initial,PER_OUTCOME_ENSEMBLE_MMD,28,-0.2304954696186638,0.020996048958476177,0.05815085877454413,-0.06901666057916866,-0.39197427865815926
PER_OUTCOME_ENSEMBLE_MMD,2,initial,PER_OUTCOME_ENSEMBLE_MMD,29,-0.019514270780013703,0.03863177856714084,0.04220567180749475,-0.028274190448523973,-0.010754351111504173
PER_OUTCOME_ENSEMBLE_MMD,2,initial,PER_OUTCOME_ENSEMBLE_MMD,30,0.02397436205791914,0.03365264951071256,0.04065991503661725,0.30138018375249653,-0.25343145963665825
PER_OUTCOME_ENSEMBLE_MMD,2,initial,PER_OUTCOME_ENSEMBLE_MMD,31,-0.03062571598222245,0.0347752875845484,0.09314635174052434,0.012441640308971843,-0.07369307227341637
PER_OUTCOME_ENSEMBLE_MMD,2,initial,COMBINED_ENSEMBLE_MMD,0,-0.14838692637360262,-0.0005223448858513446,0.08651968154300221,-0.34727995385038535,0.050506101103180066
PER_OUTCOME_ENSEMBLE_MMD,2,initial,COMBINED_ENSEMBLE_MMD,1,-0.14617156430509243,0.004952862739981745,0.0629957513691146,-0.310202279393644,0.01785915078345912
PER_OUTCOME_ENSEMBLE_MMD,2,initial,COMBINED_ENSEMBLE_MMD,2,0.09305743443150642,0.0029840702251666684,0.08119561237284989,0.015291148088425837,0.17082372077458646
PER_OUTCOME_ENSEMBLE_MMD,2,initial,COMBINED_ENSEMBLE_MMD,3,0.08421179319240246,-0.0023650462240207837,0.028220606035982268,0.16599299302475465,0.0024305933600501004
PER_OUTCOME_ENSEMBLE_MMD,2,initial,COMBINED_ENSEMBLE_MMD,4,0.35760245185404294,-0.011386900384300569,0.04302039989677462,0.27499541033013775,0.44020949337794735
PER_OUTCOME_ENSEMBLE_MMD,2,initial,COMBINED_ENSEMBLE_MMD,5,0.021544904605382463,0.010191059872973085,0.0643016350278221,0.07596134278508768,-0.03287153357432275
PER_OUTCOME_ENSEMBLE_MMD,2,initial,COMBINED_ENSEMBLE_MMD,6,-0.048602503353626744,-0.06194102397863932,0.10799649398338046,-0.20109918241095723,0.10389417570370356
PER_OUTCOME_ENSEMBLE_MMD,2,initial,COMBINED_ENSEMBLE_MMD,7,0.20572166999619096,-0.039604918812564005,0.09490073665170208,0.16018432877171604,0.2512590112206657
PER_OUTCOME_ENSEMBLE_MMD,2,initial,COMBINED_ENSEMBLE_MMD,8,0.2378434248244432,0.04277090505768921,0.03415780923903143,0.20524685833851883,0.270439991310368
PER_OUTCOME_ENSEMBLE_MMD,2,initial,COMBINED_ENSEMBLE_MMD,9,-0.08270106621802573,0.014980777422672675,0.043348289645654285,0.11421969898820902,-0.27962183142426045
PER_OUTCOME_ENSEMBLE_MMD,2,initial,COMBINED_ENSEMBLE_MMD,10,-0.11033755125594273,-0.015422656941839863,0.07233053789683727,0.002678212877123739,-0.22335331538900993
PER_OUTCOME_ENSEMBLE_MMD,2,initial,COMBINED_ENSEMBLE_MMD,11,-0.06290735658429562,-0.001736521805829172,0.08764764166670383,0.03486910375408418,-0.16068381692267525
PER_OUTCOME_ENSEMBLE_MMD,2,initial,COMBINED_ENSEMBLE_MMD,12,0.39301881154772955,0.03163360358500422,0.042279630941679344,0.14431000922641343,0.6417276138690455
PER_OUTCOME_ENSEMBLE_MMD,2,initial,COMBINED_ENSEMBLE_MMD,13,0.06361999541819967,0.04862213568635254,0.038539602068107394,-0.10669290667641515,0.23393289751281485
PER_OUTCOME_ENSEMBLE_MMD,2,initial,COMBINED_ENSEMBLE_MMD,14,0.0593100335130022,-0.007592709848728951,0.0747568104955765,0.1321267343281718,-0.013506667302167024
PER_OUTCOME_ENSEMBLE_MMD,2,initial,COMBINED_ENSEMBLE_MMD,15,-0.18536208515316827,0.004451810345626583,0.058804796517386265,-0.022640508558801065,-0.3480836617475362
PER_OUTCOME_ENSEMBLE_MMD,2,initial,COMBINED_ENSEMBLE_MMD,16,0.0813895309005989,0.010985057913782681,0.085055367623595,-0.09700506706156817,0.259784128862766
PER_OUTCOME_ENSEMBLE_MMD,2,initial,COMBINED_ENSEMBLE_MMD,17,-0.31912242401306157,-0.03282850985290331,0.13307171283709388,-0.30289236162703737,-0.33535248639908644
PER_OUTCOME_ENSEMBLE_MMD,2,initial,COMBINED_ENSEMBLE_MMD,18,0.12462600559350112,-0.02020047787558532,0.05820404717044738,-0.18984537624316586,0.43909738743016774
PER_OUTCOME_ENSEMBLE_MMD,2,initial,COMBINED_ENSEMBLE_MMD,19,0.14804025810516394,0.01997770010761979,0.07021761405096466,0.26436715260546995,0.03171336360485796
PER_OUTCOME_ENSEMBLE_MMD,2,initial,COMBINED_ENSEMBLE_MMD,20,-0.05687720493512516,-0.013160584429558586,0.050918075434358896,-0.036598359239381484,-0.07715605063086828
PER_OUTCOME_ENSEMBLE_MMD,2,initial,COMBINED_ENSEMBLE_MMD,21,-0.08065477790174524,0.0005300280661189039,0.08211587429979711,-0.2754549155166068,0.11414535971311646
PER_OUTCOME_ENSEMBLE_MMD,2,initial,COMBINED_ENSEMBLE_MMD,22,0.07402878674843276,-0.014794612243312244,0.04552560526600453,0.428488940945817,-0.2804313674489517
PER_OUTCOME_ENSEMBLE_MMD,2,initial,COMBINED_ENSEMBLE_MMD,23,0.0513978407480679,-0.009011663454244978,0.06441435050883514,0.1625969633012762,-0.059801281805140216
PER_OUTCOME_ENSEMBLE_MMD,2,initial,COMBINED_ENSEMBLE_MMD,24,-0.2750029351705278,-0.04096399204979395,0.09816539736537787,-0.41863075090300184,-0.13137511943805433
PER_OUTCOME_ENSEMBLE_MMD,2,initial,COMBINED_ENSEMBLE_MMD,25,0.0873501806639491,0.01217732098274693,0.07474452272565153,0.2147746924440641,-0.04007433111616554
PER_OUTCOME_ENSEMBLE_MMD,2,initial,COMBINED_ENSEMBLE_MMD,26,0.017068237419167374,0.02320808835186483,0.055405014082697865,0.09371164603068786,-0.05957517119235275
PER_OUTCOME_ENSEMBLE_MMD,2,initial,COMBINED_ENSEMBLE_MMD,27,-0.048107955192795426,-0.030431588470746895,0.05395602014567217,-0.10633190932688405,0.010115998941293003
PER_OUTCOME_ENSEMBLE_MMD,2,initial,COMBINED_ENSEMBLE_MMD,28,-0.21254609085978687,-0.036070196276923205,0.05815085877454413,-0.07650195098251637,-0.34859023073705697
PER_OUTCOME_ENSEMBLE_MMD,2,initial,COMBINED_ENSEMBLE_MMD,29,0.020483555893965704,0.021409719429834828,0.04220567180749475,-0.0032436667606102385,0.04421077854854146
PER_OUTCOME_ENSEMBLE_MMD,2,initial,COMBINED_ENSEMBLE_MMD,30,-0.08054188785615701,0.017523084497105046,0.04065991503661725,0.12700527884450272,-0.2880890545568171
PER_OUTCOME_ENSEMBLE_MMD,2,initial,COMBINED_ENSEMBLE_MMD,31,-0.16588152851385263,0.004537187220628347,0.09314635174052434,-0.09381314808451835,-0.2379499089431871
PER_OUTCOME_ENSEMBLE_MMD,2,intermediate,PER_OUTCOME_ENSEMBLE_MMD,0,-0.015997732730573443,0.11581471714311564,0.02977882236858826,-0.09781022731786568,0.06581476185671842
PER_OUTCOME_ENSEMBLE_MMD,2,intermediate,PER_OUTCOME_ENSEMBLE_MMD,1,-0.1394543236327391,0.06623790313902189,0.04577022898552444,-0.37655111292255594,0.0976424656570779
PER_OUTCOME_ENSEMBLE_MMD,2,intermediate,PER_OUTCOME_ENSEMBLE_MMD,2,-0.029910703455771813,0.08613319275658005,0.06270418237534843,-0.11205227241954312,0.052230865507999866
PER_OUTCOME_ENSEMBLE_MMD,2,intermediate,PER_OUTCOME_ENSEMBLE_MMD,3,0.07406229386510181,0.09128246082452196,0.0664136738978617,0.15038714883451654,-0.0022625611043129252
PER_OUTCOME_ENSEMBLE_MMD,2,intermediate,PER_OUTCOME_ENSEMBLE_MMD,4,0.2438460830859039,0.08333188447640039,0.09404369365223353,0.19806168912074468,0.28963047705106326
PER_OUTCOME_ENSEMBLE_MMD,2,intermediate,PER_OUTCOME_ENSEMBLE_MMD,5,0.02722686273901968,0.12557301044954516,0.07918602597027723,0.11463853424539816,-0.06018480876735881
PER_OUTCOME_ENSEMBLE_MMD,2,intermediate,PER_OUTCOME_ENSEMBLE_MMD,6,0.02243671328994612,0.07743772779343994,0.1664513965806618,-0.10623293724882577,0.15110636382871875
PER_OUTCOME_ENSEMBLE_MMD,2,intermediate,PER_OUTCOME_ENSEMBLE_MMD,7,0.14163450912482317,0.11150388149340595,0.05224064336597618,0.2502931476326483,0.03297587061699877
PER_OUTCOME_ENSEMBLE_MMD,2,intermediate,PER_OUTCOME_ENSEMBLE_MMD,8,0.10986761850298898,0.10995029722899918,0.10363589265311834,0.26111896391714556,-0.04138372691116795
PER_OUTCOME_ENSEMBLE_MMD,2,intermediate,PER_OUTCOME_ENSEMBLE_MMD,9,0.08573863521102196,0.10869758474862223,0.07997176329898313,0.24292256947507512,-0.07144529905303103
PER_OUTCOME_ENSEMBLE_MMD,2,intermediate,PER_OUTCOME_ENSEMBLE_MMD,10,0.01817710026058128,0.12647421528390645,0.1375880828472728,0.3097702318038109,-0.273416031282648
PER_OUTCOME_ENSEMBLE_MMD,2,intermediate,PER_OUTCOME_ENSEMBLE_MMD,11,0.09802700972751636,0.1243634825628086,0.07382563170732122,0.16124475223600906,0.03480926721902404
PER_OUTCOME_ENSEMBLE_MMD,2,intermediate,PER_OUTCOME_ENSEMBLE_MMD,12,0.13331169916124894,0.14501653079796606,0.06345232806397415,0.2442125014376521,0.02241089688484632
PER_OUTCOME_ENSEMBLE_MMD,2,intermediate,PER_OUTCOME_ENSEMBLE_MMD,13,0.07429285973570436,0.10183370040759199,0.04362970705267601,-0.03044586181165284,0.17903158128306174
PER_OUTCOME_ENSEMBLE_MMD,2,intermediate,PER_OUTCOME_ENSEMBLE_MMD,14,-0.01471136714658002,0.06914933868077178,0.09072539499608684,-0.045514292243486285,0.016091557950326428
PER_OUTCOME_ENSEMBLE_MMD,2,intermediate,PER_OUTCOME_ENSEMBLE_MMD,15,-0.05657133591813006,0.09025064083123402,0.12069970784532004,-0.1930225592819601,0.0798798874457
PER_OUTCOME_ENSEMBLE_MMD,2,intermediate,PER_OUTCOME_ENSEMBLE_MMD,16,-0.04187743490238316,0.08964663839496945,0.09592382173146462,-0.37418564909414387,0.29043077928937716
PER_OUTCOME_ENSEMBLE_MMD,2,intermediate,PER_OUTCOME_ENSEMBLE_MMD,17,-0.10699285337751738,0.09474863600728511,0.1382377825699574,-0.07373234571173337,-0.1402533610433012
PER_OUTCOME_ENSEMBLE_MMD,2,intermediate,PER_OUTCOME_ENSEMBLE_MMD,18,0.009155803896171433,0.10150221091979761,0.009215977565255407,-0.0927439790425133,0.11105558683485561
PER_OUTCOME_ENSEMBLE_MMD,2,intermediate,PER_OUTCOME_ENSEMBLE_MMD,19,-0.1428400128764462,0.15044033105932653,0.11761505662605964,-0.1020154323954962,-0.18366459335739643
PER_OUTCOME_ENSEMBLE_MMD,2,intermediate,PER_OUTCOME_ENSEMBLE_MMD,20,0.1769431954101745,0.11998754723555738,0.1422254925856124,0.3410692309309593,0.012817159889390028
PER_OUTCOME_ENSEMBLE_MMD,2,intermediate,PER_OUTCOME_ENSEMBLE_MMD,21,-0.08973061820072774,0.10162940244733232,0.15882921705802033,-0.24922235415739052,0.06976111775593467
PER_OUTCOME_ENSEMBLE_MMD,2,intermediate,PER_OUTCOME_ENSEMBLE_MMD,22,-0.06918994751886214,0.10377506877196252,0.07422801707681409,0.11859888067104807,-0.25697877570877253
PER_OUTCOME_ENSEMBLE_MMD,2,intermediate,PER_OUTCOME_ENSEMBLE_MMD,23,0.12470620366174079,0.14675928834346674,0.07493116096879965,0.07346106619294283,0.17595134113053876
PER_OUTCOME_ENSEMBLE_MMD,2,intermediate,PER_OUTCOME_ENSEMBLE_MMD,24,-0.060886908997611254,0.1170283843965012,0.08786653583109408,-0.026474948448547513,-0.09529886954667519
PER_OUTCOME_ENSEMBLE_MMD,2,intermediate,PER_OUTCOME_ENSEMBLE_MMD,25,-0.028475756325048545,0.10608924775170658,0.06075005459152076,0.26158750360949057,-0.31853901625958786
PER_OUTCOME_ENSEMBLE_MMD,2,intermediate,PER_OUTCOME_ENSEMBLE_MMD,26,-0.012655417457626921,0.11870927312247415,0.0519911698176639,0.12501804540160108,-0.1503288803168551
PER_OUTCOME_ENSEMBLE_MMD,2,intermediate,PER_OUTCOME_ENSEMBLE_MMD,27,0.04065845021571961,0.10615647014724616,0.1020321312606114,0.04950068085296448,0.03181621957847473
PER_OUTCOME_ENSEMBLE_MMD,2,intermediate,PER_OUTCOME_ENSEMBLE_MMD,28,-0.08343690844514362,0.13130295246652146,0.07274143357151755,-0.052695603665707434,-0.11417821322458
PER_OUTCOME_ENSEMBLE_MMD,2,intermediate,PER_OUTCOME_ENSEMBLE_MMD,29,-0.06554803096420278,0.11614107421050557,0.05518517308953182,0.08426660969624522,-0.2153626716246504
PER_OUTCOME_ENSEMBLE_MMD,2,intermediate,PER_OUTCOME_ENSEMBLE_MMD,30,0.09212762244185584,0.13869221926016717,0.15617510706053325,0.48442473890430476,-0.30016949402059256
PER_OUTCOME_ENSEMBLE_MMD,2,intermediate,PER_OUTCOME_ENSEMBLE_MMD,31,0.01906136683776557,0.08422389370180317,0.056304122938712904,0.11144316409635018,-0.07332043042081886
PER_OUTCOME_ENSEMBLE_MMD,2,intermediate,COMBINED_ENSEMBLE_MMD,0,-0.019215671728144056,0.06724875069506642,0.02977882236858826,-0.22267519462224422,0.18424385116595593
PER_OUTCOME_ENSEMBLE_MMD,2,intermediate,COMBINED_ENSEMBLE_MMD,1,-0.22034248471421475,0.07805433065704104,0.04577022898552444,-0.5286716091136283,0.08798663968519897
PER_OUTCOME_ENSEMBLE_MMD,2,intermediate,COMBINED_ENSEMBLE_MMD,2,0.06543235688557045,0.057271228987324174,0.06270418237534843,-0.06347490583582749,0.19433961960696838
PER_OUTCOME_ENSEMBLE_MMD,2,intermediate,COMBINED_ENSEMBLE_MMD,3,0.05435188722689703,0.08021152432443357,0.0664136738978617,0.153622852376315,-0.04491907792252059
PER_OUTCOME_ENSEMBLE_MMD,2,intermediate,COMBINED_ENSEMBLE_MMD,4,0.3921090623679206,0.05869241189018515,0.09404369365223353,0.3723461055545955,0.41187201918124566
PER_OUTCOME_ENSEMBLE_MMD,2,intermediate,COMBINED_ENSEMBLE_MMD,5,-0.15143811027354348,0.08915438917983975,0.07918602597027723,-0.13999170897124474,-0.16288451157584188
PER_OUTCOME_ENSEMBLE_MMD,2,intermediate,COMBINED_ENSEMBLE_MMD,6,0.017070716711001615,0.005112953070184001,0.1664513965806618,-0.21218443162378717,0.24632586504579057
PER_OUTCOME_ENSEMBLE_MMD,2,intermediate,COMBINED_ENSEMBLE_MMD,7,0.048448734050862516,0.07229488601170175,0.05224064336597618,0.14339615498056255,-0.04649868687883678
PER_OUTCOME_ENSEMBLE_MMD,2,intermediate,COMBINED_ENSEMBLE_MMD,8,0.12994086504629893,0.10259215684232614,0.10363589265311834,0.2899046377737635,-0.030022907681165705
PER_OUTCOME_ENSEMBLE_MMD,2,intermediate,COMBINED_ENSEMBLE_MMD,9,-0.006734148565451885,0.05942472413425859,0.07997176329898313,0.2456260086500987,-0.25909430578100245
PER_OUTCOME_ENSEMBLE_MMD,2,intermediate,COMBINED_ENSEMBLE_MMD,10,0.04549395871290015,0.052174890974543975,0.1375880828472728,0.4021559964775986,-0.3111680790517983
PER_OUTCOME_ENSEMBLE_MMD,2,intermediate,COMBINED_ENSEMBLE_MMD,11,0.029886082860964835,0.0684683669553875,0.07382563170732122,0.07497899315714393,-0.015206827435213881
PER_OUTCOME_ENSEMBLE_MMD,2,intermediate,COMBINED_ENSEMBLE_MMD,12,0.12540001262653497,0.1344011828777102,0.06345232806397415,0.16258910975772295,0.08821091549534736
PER_OUTCOME_ENSEMBLE_MMD,2,intermediate,COMBINED_ENSEMBLE_MMD,13,0.027932813056528543,0.08871192416925167,0.04362970705267601,-0.08037533975705466,0.13624096587011156
PER_OUTCOME_ENSEMBLE_MMD,2,intermediate,COMBINED_ENSEMBLE_MMD,14,-0.20558459339864776,0.05762465785090487,0.09072539499608684,-0.32928440566899997,-0.0818847811282956
PER_OUTCOME_ENSEMBLE_MMD,2,intermediate,COMBINED_ENSEMBLE_MMD,15,-0.07990583835073044,0.058167167953214194,0.12069970784532004,-0.10940000906682679,-0.050411667634633894
PER_OUTCOME_ENSEMBLE_MMD,2,intermediate,COMBINED_ENSEMBLE_MMD,16,-0.07712739553923968,0.07454679412701959,0.09592382173146462,-0.4163756365752902,0.26212084549681086
PER_OUTCOME_ENSEMBLE_MMD,2,intermediate,COMBINED_ENSEMBLE_MMD,17,-0.23671522199761652,0.051950961853372335,0.1382377825699574,-0.23033370292806832,-0.24309674106716456
PER_OUTCOME_ENSEMBLE_MMD,2,intermediate,COMBINED_ENSEMBLE_MMD,18,-0.04413026751530029,0.09491982182250147,0.009215977565255407,-0.15414939712168785,0.06588886209108766
PER_OUTCOME_ENSEMBLE_MMD,2,intermediate,COMBINED_ENSEMBLE_MMD,19,-0.16206564224721814,0.10836537347379804,0.11761505662605964,-0.2596695176207553,-0.06446176687368096
PER_OUTCOME_ENSEMBLE_MMD,2,intermediate,COMBINED_ENSEMBLE_MMD,20,0.17297737259171536,0.1188823505572133,0.1422254925856124,0.3970235750262696,-0.051068829842838746
PER_OUTCOME_ENSEMBLE_MMD,2,intermediate,COMBINED_ENSEMBLE_MMD,21,-0.20577661179729054,0.07949589140705127,0.15882921705802033,-0.3863623283435247,-0.025190895251056
PER_OUTCOME_ENSEMBLE_MMD,2,intermediate,COMBINED_ENSEMBLE_MMD,22,-0.027124601611190347,0.07742547960800661,0.07422801707681409,0.15806965704084058,-0.21231886026322164
PER_OUTCOME_ENSEMBLE_MMD,2,intermediate,COMBINED_ENSEMBLE_MMD,23,0.2869731338998425,0.11673213340978739,0.07493116096879965,0.25310462353422125,0.32084164426546347
PER_OUTCOME_ENSEMBLE_MMD,2,intermediate,COMBINED_ENSEMBLE_MMD,24,-0.051999751556676875,0.053014126390487415,0.08786653583109408,0.03662411843764628,-0.14062362155099983
PER_OUTCOME_ENSEMBLE_MMD,2,intermediate,COMBINED_ENSEMBLE_MMD,25,-0.0371377987356003,0.07260246012108029,0.06075005459152076,0.25369769918776414,-0.32797329665896474
PER_OUTCOME_ENSEMBLE_MMD,2,intermediate,COMBINED_ENSEMBLE_MMD,26,-0.023752624040535762,0.08720176963415438,0.0519911698176639,0.1205725827410272,-0.1680778308220991
PER_OUTCOME_ENSEMBLE_MMD,2,intermediate,COMBINED_ENSEMBLE_MMD,27,-0.05535715233925117,0.0865545036834382,0.1020321312606114,-0.012639338483798612,-0.09807496619470335
PER_OUTCOME_ENSEMBLE_MMD,2,intermediate,COMBINED_ENSEMBLE_MMD,28,0.11969030403383818,0.08919221525911325,0.07274143357151755,0.2526172488665083,-0.013236640798832133
PER_OUTCOME_ENSEMBLE_MMD,2,intermediate,COMBINED_ENSEMBLE_MMD,29,-0.026419059163911667,0.11985859174120728,0.05518517308953182,0.07267080476357823,-0.12550892309140158
PER_OUTCOME_ENSEMBLE_MMD,2,intermediate,COMBINED_ENSEMBLE_MMD,30,0.193083421334939,0.11596307847066034,0.15617510706053325,0.6459586008658865,-0.25979175819600875
PER_OUTCOME_ENSEMBLE_MMD,2,intermediate,COMBINED_ENSEMBLE_MMD,31,-0.030160882605779392,0.07788172712552821,0.056304122938712904,0.05374355589382966,-0.11406532110538807
PER_OUTCOME_ENSEMBLE_MMD,2,best,PER_OUTCOME_ENSEMBLE_MMD,0,-0.04892952397618074,0.14404667131415894,0.054731736428698836,-0.16316220819580324,0.06530316024344211
PER_OUTCOME_ENSEMBLE_MMD,2,best,PER_OUTCOME_ENSEMBLE_MMD,1,-0.11260479061445543,0.09476380631817383,0.05279012826522426,-0.3524545017295052,0.12724492050059433
PER_OUTCOME_ENSEMBLE_MMD,2,best,PER_OUTCOME_ENSEMBLE_MMD,2,-0.06992141062487245,0.10944843425114448,0.11611400990147476,-0.11452355384402073,-0.02531926740572436
PER_OUTCOME_ENSEMBLE_MMD,2,best,PER_OUTCOME_ENSEMBLE_MMD,3,0.021024078320437033,0.11377636346571596,0.12045955266561109,0.09264793127176651,-0.050599774630892824
PER_OUTCOME_ENSEMBLE_MMD,2,best,PER_OUTCOME_ENSEMBLE_MMD,4,0.23573792218533693,0.12343772864601965,0.10792122458951856,0.19945937116703524,0.2720164732036384
PER_OUTCOME_ENSEMBLE_MMD,2,best,PER_OUTCOME_ENSEMBLE_MMD,5,0.041504562348907426,0.15525953584174046,0.09819567304379187,0.09164194588012839,-0.00863282118231316
PER_OUTCOME_ENSEMBLE_MMD,2,best,PER_OUTCOME_ENSEMBLE_MMD,6,0.009306438699455688,0.11026715581842039,0.16122278538101203,-0.07214395631489105,0.0907568337138028
PER_OUTCOME_ENSEMBLE_MMD,2,best,PER_OUTCOME_ENSEMBLE_MMD,7,0.1617518620382256,0.1374660326973508,0.054627723827915114,0.3226675844809209,0.0008361395955304903
PER_OUTCOME_ENSEMBLE_MMD,2,best,PER_OUTCOME_ENSEMBLE_MMD,8,0.08290697713137545,0.13319089085541147,0.1290040924317184,0.2543936475650074,-0.08857969330225572
PER_OUTCOME_ENSEMBLE_MMD,2,best,PER_OUTCOME_ENSEMBLE_MMD,9,0.1143265687460097,0.13517503789386176,0.09034718948748281,0.28071979716598694,-0.05206665967396755
PER_OUTCOME_ENSEMBLE_MMD,2,best,PER_OUTCOME_ENSEMBLE_MMD,10,-0.039105716791285605,0.1666340827104159,0.1611854142893581,0.2469431050905476,-0.3251545386731194
PER_OUTCOME_ENSEMBLE_MMD,2,best,PER_OUTCOME_ENSEMBLE_MMD,11,0.08639334791910185,0.15086122787438005,0.06518916994526948,0.15717678247964514,0.015609913358559288
PER_OUTCOME_ENSEMBLE_MMD,2,best,PER_OUTCOME_ENSEMBLE_MMD,12,0.0806187270665019,0.16374936930901784,0.06846847923964242,0.18507109577633649,-0.02383364164333268
PER_OUTCOME_ENSEMBLE_MMD,2,best,PER_OUTCOME_ENSEMBLE_MMD,13,0.0834190575133816,0.12601282300335137,0.07156194311764576,-0.022232365482729444,0.18907048050949227
PER_OUTCOME_ENSEMBLE_MMD,2,best,PER_OUTCOME_ENSEMBLE_MMD,14,-0.05834618132267155,0.09261914840982233,0.13461859279949956,-0.1898139803913997,0.07312161774605716
PER_OUTCOME_ENSEMBLE_MMD,2,best,PER_OUTCOME_ENSEMBLE_MMD,15,-0.10100630526648188,0.11811588968972109,0.16673180071097457,-0.26361363907660085,0.06160102854363747
PER_OUTCOME_ENSEMBLE_MMD,2,best,PER_OUTCOME_ENSEMBLE_MMD,16,-0.040176739001103565,0.1245702534884009,0.1265002254033043,-0.44671883126598644,0.36636535326377917
PER_OUTCOME_ENSEMBLE_MMD,2,best,PER_OUTCOME_ENSEMBLE_MMD,17,-0.003788070306834923,0.12690425637222946,0.17245156805454986,0.051011505995403425,-0.058587646609073826
PER_OUTCOME_ENSEMBLE_MMD,2,best,PER_OUTCOME_ENSEMBLE_MMD,18,0.004247428195858216,0.13312667861246463,0.030840966045615807,-0.05436362001143354,0.06285847640314998
PER_OUTCOME_ENSEMBLE_MMD,2,best,PER_OUTCOME_ENSEMBLE_MMD,19,-0.14590026975819165,0.16924058164309608,0.12618806600412313,-0.13502887468251124,-0.15677166483387184
PER_OUTCOME_ENSEMBLE_MMD,2,best,PER_OUTCOME_ENSEMBLE_MMD,20,0.19889078971463525,0.1516431027479178,0.10854282006980029,0.4274671252062982,-0.029685545777027682
PER_OUTCOME_ENSEMBLE_MMD,2,best,PER_OUTCOME_ENSEMBLE_MMD,21,-0.06462637941846354,0.137869054466495,0.17678305128168537,-0.17057517267390615,0.041322413836979065
PER_OUTCOME_ENSEMBLE_MMD,2,best,PER_OUTCOME_ENSEMBLE_MMD,22,-0.03936690868085273,0.13850991561650583,0.10425347431900502,0.0309595885126072,-0.10969340587431246
PER_OUTCOME_ENSEMBLE_MMD,2,best,PER_OUTCOME_ENSEMBLE_MMD,23,0.10486137631173084,0.17778757402804735,0.08238717074306248,0.06122326507241094,0.1484994875510509
PER_OUTCOME_ENSEMBLE_MMD,2,best,PER_OUTCOME_ENSEMBLE_MMD,24,-0.027156981259816398,0.14852563981752975,0.09738757013409256,-0.0007897267018578773,-0.053524235817774546
PER_OUTCOME_ENSEMBLE_MMD,2,best,PER_OUTCOME_ENSEMBLE_MMD,25,-0.02096059987304925,0.12557265034535725,0.07308756647194238,0.285623869408506,-0.3275450691546043
PER_OUTCOME_ENSEMBLE_MMD,2,best,PER_OUTCOME_ENSEMBLE_MMD,26,-0.0048399180695583395,0.14206287852091404,0.04246670425448069,0.15291371576964105,-0.16259355190875718
PER_OUTCOME_ENSEMBLE_MMD,2,best,PER_OUTCOME_ENSEMBLE_MMD,27,0.07974497995305216,0.14664296067864757,0.1173032277879049,0.0926132862358157,0.06687667367028842
PER_OUTCOME_ENSEMBLE_MMD,2,best,PER_OUTCOME_ENSEMBLE_MMD,28,-0.05440526346141302,0.17276809673563742,0.06087671716426002,-0.00950754228709309,-0.09930298463573259
PER_OUTCOME_ENSEMBLE_MMD,2,best,PER_OUTCOME_ENSEMBLE_MMD,29,-0.08263469669190486,0.14422755115497565,0.06978388314346473,0.10085566111313986,-0.26612505449694956
PER_OUTCOME_ENSEMBLE_MMD,2,best,PER_OUTCOME_ENSEMBLE_MMD,30,0.10834969108595902,0.1607480285558901,0.25664266874962993,0.49482688884772513,-0.27812750667580693
PER_OUTCOME_ENSEMBLE_MMD,2,best,PER_OUTCOME_ENSEMBLE_MMD,31,0.03386896757078632,0.11810636227485716,0.08805797251196652,0.0818179510874236,-0.01408001594585151
PER_OUTCOME_ENSEMBLE_MMD,2,best,COMBINED_ENSEMBLE_MMD,0,-0.024103254800278973,0.09615443846928051,0.054731736428698836,-0.25489907682746393,0.206692567226906
PER_OUTCOME_ENSEMBLE_MMD,2,best,COMBINED_ENSEMBLE_MMD,1,-0.17938101211188384,0.099179604700121,0.05279012826522426,-0.43704875044628944,0.07828672622252213
PER_OUTCOME_ENSEMBLE_MMD,2,best,COMBINED_ENSEMBLE_MMD,2,0.05606533674479146,0.07380618547132278,0.11611400990147476,-0.024638803303940564,0.13676947679352347
PER_OUTCOME_ENSEMBLE_MMD,2,best,COMBINED_ENSEMBLE_MMD,3,0.01620384611179008,0.09121603098814246,0.12045955266561109,0.07403570868202314,-0.04162801645844298
PER_OUTCOME_ENSEMBLE_MMD,2,best,COMBINED_ENSEMBLE_MMD,4,0.36754035284011577,0.08614076081579758,0.10792122458951856,0.362836044198052,0.37224466148217933
PER_OUTCOME_ENSEMBLE_MMD,2,best,COMBINED_ENSEMBLE_MMD,5,-0.1139746597009476,0.11951958683162656,0.09819567304379187,-0.11999152882380293,-0.10795779057809263
PER_OUTCOME_ENSEMBLE_MMD,2,best,COMBINED_ENSEMBLE_MMD,6,0.004252660978000071,0.039886329417411215,0.16122278538101203,-0.17188689128837162,0.18039221324437194
PER_OUTCOME_ENSEMBLE_MMD,2,best,COMBINED_ENSEMBLE_MMD,7,0.03909147372954188,0.10155318621538922,0.054627723827915114,0.16153965489399663,-0.08335670743491286
PER_OUTCOME_ENSEMBLE_MMD,2,best,COMBINED_ENSEMBLE_MMD,8,0.13238414357741388,0.12929867907446813,0.1290040924317184,0.30010670672924955,-0.035338419574422186
PER_OUTCOME_ENSEMBLE_MMD,2,best,COMBINED_ENSEMBLE_MMD,9,0.026478573576991238,0.08368968898044982,0.09034718948748281,0.26671238475742043,-0.21375523760343795
PER_OUTCOME_ENSEMBLE_MMD,2,best,COMBINED_ENSEMBLE_MMD,10,0.012455711943294053,0.08122366167729989,0.1611854142893581,0.3454715299160797,-0.3205601060294914
PER_OUTCOME_ENSEMBLE_MMD,2,best,COMBINED_ENSEMBLE_MMD,11,0.061058613183764085,0.09855638764586194,0.06518916994526948,0.110978757098944,0.011138469268584158
PER_OUTCOME_ENSEMBLE_MMD,2,best,COMBINED_ENSEMBLE_MMD,12,0.048939913865647666,0.14407022066874764,0.06846847923964242,0.13941149948841364,-0.041531671757117916
PER_OUTCOME_ENSEMBLE_MMD,2,best,COMBINED_ENSEMBLE_MMD,13,0.034534138251633616,0.11047618205980936,0.07156194311764576,-0.08136396453065262,0.15043224103392003
PER_OUTCOME_ENSEMBLE_MMD,2,best,COMBINED_ENSEMBLE_MMD,14,-0.21718685408112912,0.07416251083898207,0.13461859279949956,-0.4201298067049423,-0.01424390145731591
PER_OUTCOME_ENSEMBLE_MMD,2,best,COMBINED_ENSEMBLE_MMD,15,-0.1519162120684603,0.10395105812360195,0.16673180071097457,-0.23836145089695635,-0.06547097323996462
PER_OUTCOME_ENSEMBLE_MMD,2,best,COMBINED_ENSEMBLE_MMD,16,-0.08620785938420195,0.1172446333696151,0.1265002254033043,-0.47959901677067507,0.30718329800227134
PER_OUTCOME_ENSEMBLE_MMD,2,best,COMBINED_ENSEMBLE_MMD,17,-0.1057509444326632,0.08019886836737422,0.17245156805454986,-0.08568441347814353,-0.12581747538718288
PER_OUTCOME_ENSEMBLE_MMD,2,best,COMBINED_ENSEMBLE_MMD,18,-0.05798324646496138,0.10539228168776726,0.030840966045615807,-0.1536829091715349,0.03771641624161215
PER_OUTCOME_ENSEMBLE_MMD,2,best,COMBINED_ENSEMBLE_MMD,19,-0.19896489062405875,0.13412315293783728,0.12618806600412313,-0.3288647695944943,-0.06906501165362308
PER_OUTCOME_ENSEMBLE_MMD,2,best,COMBINED_ENSEMBLE_MMD,20,0.18886755122939525,0.15213297697630157,0.10854282006980029,0.48243412358701443,-0.10469902112822393
PER_OUTCOME_ENSEMBLE_MMD,2,best,COMBINED_ENSEMBLE_MMD,21,-0.21691362048053497,0.11165060592901677,0.17678305128168537,-0.3514496444503294,-0.08237759651074021
PER_OUTCOME_ENSEMBLE_MMD,2,best,COMBINED_ENSEMBLE_MMD,22,-0.013610259627844975,0.11293469089837871,0.10425347431900502,0.04043149123858503,-0.0676520104942748
PER_OUTCOME_ENSEMBLE_MMD,2,best,COMBINED_ENSEMBLE_MMD,23,0.2661494716999524,0.14453570556578677,0.08238717074306248,0.24160214563432353,0.29069679776558094
PER_OUTCOME_ENSEMBLE_MMD,2,best,COMBINED_ENSEMBLE_MMD,24,-0.04076355272153572,0.07598017207065233,0.09738757013409256,0.03539983524931456,-0.116926940692386
PER_OUTCOME_ENSEMBLE_MMD,2,best,COMBINED_ENSEMBLE_MMD,25,-0.02468285209697848,0.09338259240267788,0.07308756647194238,0.2854421115724663,-0.3348078157664236
PER_OUTCOME_ENSEMBLE_MMD,2,best,COMBINED_ENSEMBLE_MMD,26,0.026350053166495635,0.10804271909961094,0.04246670425448069,0.164964719366942,-0.11226461303395052
PER_OUTCOME_ENSEMBLE_MMD,2,best,COMBINED_ENSEMBLE_MMD,27,-0.02813279135144564,0.12638694429240216,0.1173032277879049,0.017300933130167305,-0.07356651583305822
PER_OUTCOME_ENSEMBLE_MMD,2,best,COMBINED_ENSEMBLE_MMD,28,0.15770313663081847,0.12990384200699068,0.06087671716426002,0.2740595776386967,0.041346695622939876
PER_OUTCOME_ENSEMBLE_MMD,2,best,COMBINED_ENSEMBLE_MMD,29,-0.04756021702244503,0.14778565861616988,0.06978388314346473,0.09264801900162878,-0.18776845304651846
PER_OUTCOME_ENSEMBLE_MMD,2,best,COMBINED_ENSEMBLE_MMD,30,0.23242921483523232,0.12658416235097691,0.25664266874962993,0.6930465699914953,-0.22818814032103027
PER_OUTCOME_ENSEMBLE_MMD,2,best,COMBINED_ENSEMBLE_MMD,31,0.02189800878956113,0.09574776754094094,0.08805797251196652,0.05400160937418871,-0.010205591795066454
COMBINED_ENSEMBLE_MMD,1,initial,PER_OUTCOME_ENSEMBLE_MMD,0,0.023969133615377263,-0.04582332088078278,0.25342648019925573,-0.12395669152460043,0.1718949587553535
COMBINED_ENSEMBLE_MMD,1,initial,PER_OUTCOME_ENSEMBLE_MMD,1,-0.138330794171313,0.11887330371361804,0.33814383971430073,-0.06951077549304834,-0.20715081284957693
COMBINED_ENSEMBLE_MMD,1,initial,PER_OUTCOME_ENSEMBLE_MMD,2,-0.019356097494049873,0.054542148435930304,0.27078933651880055,0.15675924857943446,-0.1954714435675335
COMBINED_ENSEMBLE_MMD,1,initial,PER_OUTCOME_ENSEMBLE_MMD,3,0.13928693799791264,0.03666954752382745,0.10479016450546222,0.3471825641360837,-0.06860868814025922
COMBINED_ENSEMBLE_MMD,1,initial,PER_OUTCOME_ENSEMBLE_MMD,4,0.05194805342320382,0.004757929567265062,0.11097069314414032,-0.4316790245950072,0.5355751314414148
COMBINED_ENSEMBLE_MMD,1,initial,PER_OUTCOME_ENSEMBLE_MMD,5,0.3359921145113772,0.048177451048248,0.22575166305534414,-0.06715454506281009,0.7391387740855645
COMBINED_ENSEMBLE_MMD,1,initial,PER_OUTCOME_ENSEMBLE_MMD,6,0.005838465130055445,0.07582956388572493,0.17376694403714302,-0.3241443387041021,0.3358212689642115
COMBINED_ENSEMBLE_MMD,1,initial,PER_OUTCOME_ENSEMBLE_MMD,7,-0.32946508888521986,0.036525814125480505,0.28068268460215123,-0.17109200441846126,-0.48783817335197766
COMBINED_ENSEMBLE_MMD,1,initial,PER_OUTCOME_ENSEMBLE_MMD,8,0.16207909678120247,0.03042214653802544,0.21008228032378032,0.257106516447676,0.06705167711472892
COMBINED_ENSEMBLE_MMD,1,initial,PER_OUTCOME_ENSEMBLE_MMD,9,-0.009202370399172082,0.11059354641550945,0.2135930826834455,0.08110463448980662,-0.09950937528815078
COMBINED_ENSEMBLE_MMD,1,initial,PER_OUTCOME_ENSEMBLE_MMD,10,0.6664205277238189,-0.09616357512021212,0.31610834399222576,0.9053692038292901,0.427471851618347
COMBINED_ENSEMBLE_MMD,1,initial,PER_OUTCOME_ENSEMBLE_MMD,11,-0.4668154333326206,-0.01548115189709609,0.17203957886701002,-0.11723101228802306,-0.8163998543772182
COMBINED_ENSEMBLE_MMD,1,initial,PER_OUTCOME_ENSEMBLE_MMD,12,-0.12343536800749992,0.005819718768381943,0.27409675523497556,-0.24142243797013796,-0.0054482980448626135
COMBINED_ENSEMBLE_MMD,1,initial,PER_OUTCOME_ENSEMBLE_MMD,13,0.16921680713827936,0.07381787992858957,0.1962166343882228,-0.2354737736641573,0.573907387940716
COMBINED_ENSEMBLE_MMD,1,initial,PER_OUTCOME_ENSEMBLE_MMD,14,0.37697232637493217,0.022691574833294315,0.18815315086124737,-0.042327669567197766,0.7962723223170614
COMBINED_ENSEMBLE_MMD,1,initial,PER_OUTCOME_ENSEMBLE_MMD,15,-0.1520167134442696,0.02636535839812293,0.268974801588874,0.5634856533328078,-0.8675190802213477
COMBINED_ENSEMBLE_MMD,1,initial,PER_OUTCOME_ENSEMBLE_MMD,16,-0.21114777921549774,0.1247170935533739,0.18539869271473258,-0.36690600185912636,-0.055389556571869836
COMBINED_ENSEMBLE_MMD,1,initial,PER_OUTCOME_ENSEMBLE_MMD,17,0.20204110598932123,0.04188344201223737,0.13974595956921793,-0.13399960003865527,0.5380818120172985
COMBINED_ENSEMBLE_MMD,1,initial,PER_OUTCOME_ENSEMBLE_MMD,18,-0.158724909518686,0.08709227223224891,0.2988530488723211,-0.21143878730512639,-0.10601103173224566
COMBINED_ENSEMBLE_MMD,1,initial,PER_OUTCOME_ENSEMBLE_MMD,19,-0.35313238270716346,0.06197314269478982,0.2428754792964361,-0.49265992590422564,-0.21360483951010129
COMBINED_ENSEMBLE_MMD,1,initial,PER_OUTCOME_ENSEMBLE_MMD,20,0.13132797840382054,0.14623587212536426,0.17618101540260991,0.0439102186784357,0.21874573812920536
COMBINED_ENSEMBLE_MMD,1,initial,PER_OUTCOME_ENSEMBLE_MMD,21,0.2535004014407324,0.06223145755815773,0.19772713637529316,0.32140021274028674,0.185600590141178
COMBINED_ENSEMBLE_MMD,1,initial,PER_OUTCOME_ENSEMBLE_MMD,22,-0.1608061947320638,-0.036666721339636776,0.4142921147749187,-0.5246983389362166,0.203085949472089
COMBINED_ENSEMBLE_MMD,1,initial,PER_OUTCOME_ENSEMBLE_MMD,23,-0.0024109544840674366,0.10244625690102849,0.13668097176581306,-0.07993499707954414,0.07511308811140927
COMBINED_ENSEMBLE_MMD,1,initial,PER_OUTCOME_ENSEMBLE_MMD,24,-0.1867137483728006,0.017705345203733902,0.22625438536887896,0.27690037405119516,-0.6503278707967963
COMBINED_ENSEMBLE_MMD,1,initial,PER_OUTCOME_ENSEMBLE_MMD,25,-0.4911278084491063,0.0514878976862021,0.2747396889529278,-0.05064850283856763,-0.9316071140596442
COMBINED_ENSEMBLE_MMD,1,initial,PER_OUTCOME_ENSEMBLE_MMD,26,0.1154685553367633,0.07308663083186184,0.1881666888355276,0.4009164252280417,-0.16997931455451515
COMBINED_ENSEMBLE_MMD,1,initial,PER_OUTCOME_ENSEMBLE_MMD,27,-0.13295899411518802,0.09583493526572928,0.15501251245277298,-0.19186230805914603,-0.07405568017123074
COMBINED_ENSEMBLE_MMD,1,initial,PER_OUTCOME_ENSEMBLE_MMD,28,0.5425121053287948,-0.048768316757275,0.3257340266171003,0.5258017141068468,0.559222496550742
COMBINED_ENSEMBLE_MMD,1,initial,PER_OUTCOME_ENSEMBLE_MMD,29,0.07119687700889887,0.04285154141155534,0.08741602047630695,0.25879701393518734,-0.11640325991738958
COMBINED_ENSEMBLE_MMD,1,initial,PER_OUTCOME_ENSEMBLE_MMD,30,0.15281204422381123,0.07613463075257654,0.1912125439211088,0.328035652939039,-0.022411564491416534
COMBINED_ENSEMBLE_MMD,1,initial,PER_OUTCOME_ENSEMBLE_MMD,31,0.2087210300399489,0.06382385295360393,0.3424926194998343,0.03467395424116745,0.3827681058387311
COMBINED_ENSEMBLE_MMD,1,initial,COMBINED_ENSEMBLE_MMD,0,-0.031203205310600023,-0.06846470447758879,0.25342648019925573,-0.15877586583783687,0.09636945521663609
COMBINED_ENSEMBLE_MMD,1,initial,COMBINED_ENSEMBLE_MMD,1,-0.24153842442145174,0.11720795649340676,0.33814383971430073,-0.16715779812941517,-0.3159190507134883
COMBINED_ENSEMBLE_MMD,1,initial,COMBINED_ENSEMBLE_MMD,2,-0.06599642330313257,0.04799567390778137,0.27078933651880055,0.13853852099418623,-0.2705313676004528
COMBINED_ENSEMBLE_MMD,1,initial,COMBINED_ENSEMBLE_MMD,3,0.11558964208499742,0.009580080538843738,0.10479016450546222,0.35913195709122847,-0.12795267292123436
COMBINED_ENSEMBLE_MMD,1,initial,COMBINED_ENSEMBLE_MMD,4,0.07398837571294929,-0.015130314016992052,0.11097069314414032,-0.42939943314024437,0.5773761845661429
COMBINED_ENSEMBLE_MMD,1,initial,COMBINED_ENSEMBLE_MMD,5,0.3640938071787966,0.025260672992260425,0.22575166305534414,-0.10164846199640051,0.8298360763539936
COMBINED_ENSEMBLE_MMD,1,initial,COMBINED_ENSEMBLE_MMD,6,0.04144211315576148,0.050316350381305774,0.17376694403714302,-0.3536314152934065,0.4365156416049295
COMBINED_ENSEMBLE_MMD,1,initial,COMBINED_ENSEMBLE_MMD,7,-0.4801371450149339,0.008252426464882667,0.28068268460215123,-0.30095772818004835,-0.6593165618498202
COMBINED_ENSEMBLE_MMD,1,initial,COMBINED_ENSEMBLE_MMD,8,0.22323042477048047,0.017746198917102163,0.21008228032378032,0.28115575432136203,0.16530509521959819
COMBINED_ENSEMBLE_MMD,1,initial,COMBINED_ENSEMBLE_MMD,9,0.0034631153254105485,0.10464490680660665,0.2135930826834455,0.10525104588152405,-0.09832481523070369
COMBINED_ENSEMBLE_MMD,1,initial,COMBINED_ENSEMBLE_MMD,10,0.8108288968043831,-0.12853085976550194,0.31610834399222576,1.0791869565700396,0.5424708370387273
COMBINED_ENSEMBLE_MMD,1,initial,COMBINED_ENSEMBLE_MMD,11,-0.5426983949521821,-0.03829754060954915,0.17203957886701002,-0.09794754571136619,-0.9874492441929987
COMBINED_ENSEMBLE_MMD,1,initial,COMBINED_ENSEMBLE_MMD,12,-0.19410765801919805,-0.014627855655417132,0.27409675523497556,-0.3058566483623001,-0.08235866767609532
COMBINED_ENSEMBLE_MMD,1,initial,COMBINED_ENSEMBLE_MMD,13,0.22842716199338237,0.07259581176549013,0.1962166343882228,-0.21449697391689634,0.6713512979036618
COMBINED_ENSEMBLE_MMD,1,initial,COMBINED_ENSEMBLE_MMD,14,0.4359748954605758,0.009366374258038324,0.18815315086124737,-0.05051046326216928,0.9224602541833209
COMBINED_ENSEMBLE_MMD,1,initial,COMBINED_ENSEMBLE_MMD,15,-0.06802216695645255,0.03465074580302785,0.268974801588874,0.6727743260408563,-0.8088186599537613
COMBINED_ENSEMBLE_MMD,1,initial,COMBINED_ENSEMBLE_MMD,16,-0.2865890259758756,0.13056572284801682,0.18539869271473258,-0.44613960178351436,-0.12703845016823684
COMBINED_ENSEMBLE_MMD,1,initial,COMBINED_ENSEMBLE_MMD,17,0.1365899262694111,0.008019097639174966,0.13974595956921793,-0.18871151668949854,0.46189136922832075
COMBINED_ENSEMBLE_MMD,1,initial,COMBINED_ENSEMBLE_MMD,18,-0.2169869462716682,0.0793957488944752,0.2988530488723211,-0.25127870019230336,-0.18269519235103154
COMBINED_ENSEMBLE_MMD,1,initial,COMBINED_ENSEMBLE_MMD,19,-0.4154016405886611,0.04749050095862728,0.2428754792964361,-0.5642132241059576,-0.26659005707136385
COMBINED_ENSEMBLE_MMD,1,initial,COMBINED_ENSEMBLE_MMD,20,0.16769928197533535,0.15127394843484332,0.17618101540260991,0.05699266983179759,0.2784058941188731
COMBINED_ENSEMBLE_MMD,1,initial,COMBINED_ENSEMBLE_MMD,21,0.3251918325009943,0.05332310713460098,0.19772713637529316,0.37223753368687296,0.27814613131511495
COMBINED_ENSEMBLE_MMD,1,initial,COMBINED_ENSEMBLE_MMD,22,-0.10896775454236915,-0.03818971529793913,0.4142921147749187,-0.5854882709201996,0.36755276183546126
COMBINED_ENSEMBLE_MMD,1,initial,COMBINED_ENSEMBLE_MMD,23,0.030723559652778103,0.06639994965297458,0.13668097176581306,-0.07516995728322688,0.13661707658878458
COMBINED_ENSEMBLE_MMD,1,initial,COMBINED_ENSEMBLE_MMD,24,-0.19983485086595643,0.009633919028539495,0.22625438536887896,0.2773832279559748,-0.6770529296878877
COMBINED_ENSEMBLE_MMD,1,initial,COMBINED_ENSEMBLE_MMD,25,-0.5482236938758438,0.039029151504473614,0.2747396889529278,-0.01798102281461859,-1.0784663649370705
COMBINED_ENSEMBLE_MMD,1,initial,COMBINED_ENSEMBLE_MMD,26,0.24724291534067522,0.0745951437113006,0.1881666888355276,0.5211918539567092,-0.026706023275359463
COMBINED_ENSEMBLE_MMD,1,initial,COMBINED_ENSEMBLE_MMD,27,-0.22191614751072564,0.0904165691579859,0.15501251245277298,-0.2597939967043554,-0.18403829831709592
COMBINED_ENSEMBLE_MMD,1,initial,COMBINED_ENSEMBLE_MMD,28,0.674988756240212,-0.061657714149078835,0.3257340266171003,0.6209117317688303,0.7290657807115938
COMBINED_ENSEMBLE_MMD,1,initial,COMBINED_ENSEMBLE_MMD,29,0.0950997530978559,0.03577312353565176,0.08741602047630695,0.24874097870272543,-0.05854147250701288
COMBINED_ENSEMBLE_MMD,1,initial,COMBINED_ENSEMBLE_MMD,30,0.19194905352022323,0.06389170757846419,0.1912125439211088,0.3891049066993565,-0.0052067996589107626
COMBINED_ENSEMBLE_MMD,1,initial,COMBINED_ENSEMBLE_MMD,31,0.21030435023835725,0.07846287447491607,0.3424926194998343,0.06529129695901434,0.3553174035177017
COMBINED_ENSEMBLE_MMD,1,intermediate,PER_OUTCOME_ENSEMBLE_MMD,0,-0.1649743470834375,0.4309239867292446,0.20813472725007448,-0.25854837766963623,-0.07140031649723841
COMBINED_ENSEMBLE_MMD,1,intermediate,PER_OUTCOME_ENSEMBLE_MMD,1,0.2563564751352865,0.5580340599761983,0.2334102730070018,0.35918553624038063,0.15352741403019196
COMBINED_ENSEMBLE_MMD,1,intermediate,PER_OUTCOME_ENSEMBLE_MMD,2,0.18855114944567747,0.42269437109377794,0.2112046980259484,0.2582461995931566,0.11885609929819833
COMBINED_ENSEMBLE_MMD,1,intermediate,PER_OUTCOME_ENSEMBLE_MMD,3,-0.06650965080526539,0.4014273544768111,0.15027812770414836,-0.09630746088395334,-0.03671184072657726
COMBINED_ENSEMBLE_MMD,1,intermediate,PER_OUTCOME_ENSEMBLE_MMD,4,0.3103169788450596,0.4691807822222255,0.16311936160843937,0.1534977967642041,0.46713616092591503
COMBINED_ENSEMBLE_MMD,1,intermediate,PER_OUTCOME_ENSEMBLE_MMD,5,-0.03638066040787795,0.5658048007153497,0.15271946130898797,0.0558175891609447,-0.12857890997670096
COMBINED_ENSEMBLE_MMD,1,intermediate,PER_OUTCOME_ENSEMBLE_MMD,6,-0.18160395810753166,0.5654515861202295,0.24263141774775665,0.13908873509278719,-0.5022966513078505
COMBINED_ENSEMBLE_MMD,1,intermediate,PER_OUTCOME_ENSEMBLE_MMD,7,0.20071373314273666,0.47268628346526975,0.213552426113122,-0.016959759197190765,0.4183872254826645
COMBINED_ENSEMBLE_MMD,1,intermediate,PER_OUTCOME_ENSEMBLE_MMD,8,0.14310124819770417,0.5053551078616564,0.22623879656611617,0.18429011651730906,0.10191237987809965
COMBINED_ENSEMBLE_MMD,1,intermediate,PER_OUTCOME_ENSEMBLE_MMD,9,-0.01577706320123181,0.5757599034401127,0.09411177462320612,-0.46233466405103063,0.4307805376485674
COMBINED_ENSEMBLE_MMD,1,intermediate,PER_OUTCOME_ENSEMBLE_MMD,10,-0.0021755862213986474,0.7659557429200076,0.2028481089750181,-0.046490948589334266,0.04213977614653623
COMBINED_ENSEMBLE_MMD,1,intermediate,PER_OUTCOME_ENSEMBLE_MMD,11,0.21452341772586297,0.5457439241467547,0.2225408210753987,0.12248548894809197,0.306561346503634
COMBINED_ENSEMBLE_MMD,1,intermediate,PER_OUTCOME_ENSEMBLE_MMD,12,0.060638114694315425,0.4437885087923533,0.27753837653889846,0.019147555857933856,0.10212867353069736
COMBINED_ENSEMBLE_MMD,1,intermediate,PER_OUTCOME_ENSEMBLE_MMD,13,0.3863012553393556,0.4696876963959772,0.1578655475672257,0.30590389738850277,0.46669861329020923
COMBINED_ENSEMBLE_MMD,1,intermediate,PER_OUTCOME_ENSEMBLE_MMD,14,-0.18961937500261317,0.43877956944479035,0.23042207689521627,-0.5244468001010039,0.14520805009577717
COMBINED_ENSEMBLE_MMD,1,intermediate,PER_OUTCOME_ENSEMBLE_MMD,15,-0.24704265332109418,0.5351453018416749,0.16612836324906322,-0.5316771910914672,0.03759188444927879
COMBINED_ENSEMBLE_MMD,1,intermediate,PER_OUTCOME_ENSEMBLE_MMD,16,-0.07455093273734281,0.42909643024640653,0.29791352335328225,0.2995519767129699,-0.44865384218765514
COMBINED_ENSEMBLE_MMD,1,intermediate,PER_OUTCOME_ENSEMBLE_MMD,17,0.03636656217752554,0.44423430358342253,0.23401925496517736,-0.005837900808144022,0.07857102516319474
COMBINED_ENSEMBLE_MMD,1,intermediate,PER_OUTCOME_ENSEMBLE_MMD,18,-0.43267799591331685,0.4446317019299654,0.1819759433509866,-0.48257037501472533,-0.38278561681190815
COMBINED_ENSEMBLE_MMD,1,intermediate,PER_OUTCOME_ENSEMBLE_MMD,19,0.014668342706188517,0.4745341237893045,0.26732972831875995,0.1020537650543966,-0.07271707964201994
COMBINED_ENSEMBLE_MMD,1,intermediate,PER_OUTCOME_ENSEMBLE_MMD,20,0.01554970804646801,0.636949887991405,0.24590081699998748,0.13716301957491037,-0.10606360348197472
COMBINED_ENSEMBLE_MMD,1,intermediate,PER_OUTCOME_ENSEMBLE_MMD,21,0.3684173886779951,0.5075160673346798,0.12041624202585696,0.7099768080920303,0.026857969263960335
COMBINED_ENSEMBLE_MMD,1,intermediate,PER_OUTCOME_ENSEMBLE_MMD,22,0.27247927931358995,0.5075053514663376,0.17672802732739903,0.010844003875091953,0.5341145547520884
COMBINED_ENSEMBLE_MMD,1,intermediate,PER_OUTCOME_ENSEMBLE_MMD,23,0.47051461680128526,0.7264509420040707,0.21952866575104904,0.5213250755968946,0.41970415800567595
COMBINED_ENSEMBLE_MMD,1,intermediate,PER_OUTCOME_ENSEMBLE_MMD,24,0.10962478908414768,0.5139380609492005,0.2296869975350796,-0.06038569908528357,0.27963527725357895
COMBINED_ENSEMBLE_MMD,1,intermediate,PER_OUTCOME_ENSEMBLE_MMD,25,-0.20985469908790763,0.5110146221049524,0.3119531182178167,0.1373803738574168,-0.5570897720332324
COMBINED_ENSEMBLE_MMD,1,intermediate,PER_OUTCOME_ENSEMBLE_MMD,26,-0.0456930746868045,0.3660068402881641,0.1457219268610024,0.07896222293156212,-0.17034837230517058
COMBINED_ENSEMBLE_MMD,1,intermediate,PER_OUTCOME_ENSEMBLE_MMD,27,-0.014211815705966746,0.5882066139604335,0.1804250993302665,0.20410773392323223,-0.23253136533516536
COMBINED_ENSEMBLE_MMD,1,intermediate,PER_OUTCOME_ENSEMBLE_MMD,28,-0.09107180899147935,0.5504952302233653,0.15058231945304762,0.12891202566441792,-0.311055643647377
COMBINED_ENSEMBLE_MMD,1,intermediate,PER_OUTCOME_ENSEMBLE_MMD,29,0.12263567519351315,0.6400911691914001,0.22455986665686753,0.3341862578633696,-0.08891490747634365
COMBINED_ENSEMBLE_MMD,1,intermediate,PER_OUTCOME_ENSEMBLE_MMD,30,0.0013687133598831263,0.4442037261880728,0.22027620172195972,-0.2632269371248834,0.2659643638446496
COMBINED_ENSEMBLE_MMD,1,intermediate,PER_OUTCOME_ENSEMBLE_MMD,31,-0.24209976922638082,0.3854851354037102,0.18022732949596326,-0.010212229489465579,-0.4739873089632966
COMBINED_ENSEMBLE_MMD,1,intermediate,COMBINED_ENSEMBLE_MMD,0,-0.05259838504420208,0.39552046612312863,0.20813472725007448,-0.12530403199217352,0.020107261903769734
COMBINED_ENSEMBLE_MMD,1,intermediate,COMBINED_ENSEMBLE_MMD,1,0.19846915718211994,0.5113219869515759,0.2334102730070018,0.27789509506126764,0.11904321930297188
COMBINED_ENSEMBLE_MMD,1,intermediate,COMBINED_ENSEMBLE_MMD,2,0.147962062531104,0.40178082011687,0.2112046980259484,0.26752268102500015,0.028401444037207867
COMBINED_ENSEMBLE_MMD,1,intermediate,COMBINED_ENSEMBLE_MMD,3,-0.20723807551263945,0.38976697487103107,0.15027812770414836,-0.13197265511577,-0.2825034959095089
COMBINED_ENSEMBLE_MMD,1,intermediate,COMBINED_ENSEMBLE_MMD,4,0.32837315635409187,0.43445942103520774,0.16311936160843937,0.11280976613874394,0.5439365465694401
COMBINED_ENSEMBLE_MMD,1,intermediate,COMBINED_ENSEMBLE_MMD,5,-0.002118755708111116,0.5402244196356933,0.15271946130898797,0.07276602176643573,-0.0770035331826576
COMBINED_ENSEMBLE_MMD,1,intermediate,COMBINED_ENSEMBLE_MMD,6,-0.1555836286464644,0.5312181634237583,0.24263141774775665,0.09608627462665406,-0.40725353191958324
COMBINED_ENSEMBLE_MMD,1,intermediate,COMBINED_ENSEMBLE_MMD,7,0.18219881638121382,0.41353825251534304,0.213552426113122,-0.062143082942296056,0.42654071570472407
COMBINED_ENSEMBLE_MMD,1,intermediate,COMBINED_ENSEMBLE_MMD,8,0.21830406198702507,0.48374201251544524,0.22623879656611617,0.17369407508921503,0.2629140488848355
COMBINED_ENSEMBLE_MMD,1,intermediate,COMBINED_ENSEMBLE_MMD,9,-0.010161125959314473,0.545443137032563,0.09411177462320612,-0.47843645731094786,0.4581142053923182
COMBINED_ENSEMBLE_MMD,1,intermediate,COMBINED_ENSEMBLE_MMD,10,0.1307694454426478,0.7517292067810091,0.2028481089750181,0.010769866609129746,0.2507690242761659
COMBINED_ENSEMBLE_MMD,1,intermediate,COMBINED_ENSEMBLE_MMD,11,0.07270554990230031,0.5452083219140895,0.2225408210753987,-0.0005522766827063357,0.14596337648730695
COMBINED_ENSEMBLE_MMD,1,intermediate,COMBINED_ENSEMBLE_MMD,12,0.06681157037819205,0.41967138430194595,0.27753837653889846,-0.034286599784754866,0.16790974054113858
COMBINED_ENSEMBLE_MMD,1,intermediate,COMBINED_ENSEMBLE_MMD,13,0.40565223863620126,0.4469562617747411,0.1578655475672257,0.2821706222090167,0.5291338550633862
COMBINED_ENSEMBLE_MMD,1,intermediate,COMBINED_ENSEMBLE_MMD,14,-0.15750484030278641,0.4002812120819683,0.23042207689521627,-0.5103258264906341,0.19531614588506163
COMBINED_ENSEMBLE_MMD,1,intermediate,COMBINED_ENSEMBLE_MMD,15,-0.3298029862324385,0.5249934854572686,0.16612836324906322,-0.5665972188839571,-0.09300875358092024
COMBINED_ENSEMBLE_MMD,1,intermediate,COMBINED_ENSEMBLE_MMD,16,-0.061676423728957985,0.39631895715107435,0.29791352335328225,0.4081100932968451,-0.5314629407547611
COMBINED_ENSEMBLE_MMD,1,intermediate,COMBINED_ENSEMBLE_MMD,17,0.03356342402597264,0.4017896380398642,0.23401925496517736,-0.001839564390928583,0.06896641244287387
COMBINED_ENSEMBLE_MMD,1,intermediate,COMBINED_ENSEMBLE_MMD,18,-0.36401810429545267,0.4352551902753665,0.1819759433509866,-0.43322907901677443,-0.2948071295741306
COMBINED_ENSEMBLE_MMD,1,intermediate,COMBINED_ENSEMBLE_MMD,19,-0.0027415886181988056,0.45933688495280967,0.26732972831875995,0.13408714897101012,-0.1395703262074081
COMBINED_ENSEMBLE_MMD,1,intermediate,COMBINED_ENSEMBLE_MMD,20,0.12440545356838473,0.6004966832754952,0.24590081699998748,0.17475326946819897,0.07405763766857051
COMBINED_ENSEMBLE_MMD,1,intermediate,COMBINED_ENSEMBLE_MMD,21,0.29199097317128925,0.4897637421245642,0.12041624202585696,0.6273127832290148,-0.04333083688643713
COMBINED_ENSEMBLE_MMD,1,intermediate,COMBINED_ENSEMBLE_MMD,22,0.0754437640004002,0.4754413664524726,0.17672802732739903,-0.19969922905901977,0.3505867570598202
COMBINED_ENSEMBLE_MMD,1,intermediate,COMBINED_ENSEMBLE_MMD,23,0.41299199445071694,0.7122683532317231,0.21952866575104904,0.531899635402322,0.2940843534991119
COMBINED_ENSEMBLE_MMD,1,intermediate,COMBINED_ENSEMBLE_MMD,24,0.0728056452989867,0.4973793942514113,0.2296869975350796,-0.06818399534862518,0.21379528594659897
COMBINED_ENSEMBLE_MMD,1,intermediate,COMBINED_ENSEMBLE_MMD,25,-0.22473718209974866,0.47929246059462205,0.3119531182178167,0.08375287848839416,-0.5332272426878911
COMBINED_ENSEMBLE_MMD,1,intermediate,COMBINED_ENSEMBLE_MMD,26,-0.013152001131394217,0.32877952481035244,0.1457219268610024,0.04375410674482735,-0.07005810900761542
COMBINED_ENSEMBLE_MMD,1,intermediate,COMBINED_ENSEMBLE_MMD,27,0.025276783047821404,0.5512429100879983,0.1804250993302665,0.19883442217260017,-0.14828085607695773
COMBINED_ENSEMBLE_MMD,1,intermediate,COMBINED_ENSEMBLE_MMD,28,-0.12491659801756891,0.5217932933160185,0.15058231945304762,0.04789768547823352,-0.29773088151337096
COMBINED_ENSEMBLE_MMD,1,intermediate,COMBINED_ENSEMBLE_MMD,29,-0.02194950326553776,0.6086205259828086,0.22455986665686753,0.19760359579818254,-0.2415026023292577
COMBINED_ENSEMBLE_MMD,1,intermediate,COMBINED_ENSEMBLE_MMD,30,0.02327000702843196,0.4269695437350183,0.22027620172195972,-0.2456804383674379,0.29222045242430184
COMBINED_ENSEMBLE_MMD,1,intermediate,COMBINED_ENSEMBLE_MMD,31,-0.07789613306772784,0.35223361998966474,0.18022732949596326,0.15149967979789514,-0.30729194593335046
COMBINED_ENSEMBLE_MMD,1,best,PER_OUTCOME_ENSEMBLE_MMD,0,-0.08503941291086559,0.47398366494121513,0.18828366714968614,-0.28336529729268034,0.11328647147094917
COMBINED_ENSEMBLE_MMD,1,best,PER_OUTCOME_ENSEMBLE_MMD,1,0.16328524501697123,0.6052330748119324,0.22062786399971604,0.2364960740098506,0.0900744160240922
COMBINED_ENSEMBLE_MMD,1,best,PER_OUTCOME_ENSEMBLE_MMD,2,0.07117745628437182,0.5037443594692522,0.15461829928375662,0.19876320373774553,-0.056408291169002256
COMBINED_ENSEMBLE_MMD,1,best,PER_OUTCOME_ENSEMBLE_MMD,3,0.052304085943872446,0.47198571414084844,0.12852513314615516,0.14070863757958593,-0.036100465691840666
COMBINED_ENSEMBLE_MMD,1,best,PER_OUTCOME_ENSEMBLE_MMD,4,0.21785845919482738,0.4558026140533783,0.1542495521192325,0.008387537196489214,0.42732938119316594
COMBINED_ENSEMBLE_MMD,1,best,PER_OUTCOME_ENSEMBLE_MMD,5,0.13736244757327784,0.6288752480194711,0.2412546631175444,0.34336840711803135,-0.06864351197147531
COMBINED_ENSEMBLE_MMD,1,best,PER_OUTCOME_ENSEMBLE_MMD,6,-0.0084328789555214,0.65507378796424,0.318110187746034,0.10453425863760561,-0.12140001654864767
COMBINED_ENSEMBLE_MMD,1,best,PER_OUTCOME_ENSEMBLE_MMD,7,0.22951448406777247,0.5210146053132837,0.17829616629094724,0.16333516416158694,0.295693803973958
COMBINED_ENSEMBLE_MMD,1,best,PER_OUTCOME_ENSEMBLE_MMD,8,0.14645980132320768,0.5581824865688284,0.14610365610733533,0.04775323618550191,0.24516636646091347
COMBINED_ENSEMBLE_MMD,1,best,PER_OUTCOME_ENSEMBLE_MMD,9,-0.027910929720141864,0.6213519807940019,0.12240066073614138,-0.30048627071123696,0.24466441127095323
COMBINED_ENSEMBLE_MMD,1,best,PER_OUTCOME_ENSEMBLE_MMD,10,-0.03273430712586419,0.7486261744854544,0.1510100257971196,-0.03793377214136159,-0.027534842110366796
COMBINED_ENSEMBLE_MMD,1,best,PER_OUTCOME_ENSEMBLE_MMD,11,0.30409367512634455,0.5729212471376314,0.18575411709975476,0.12321714592854471,0.4849702043241444
COMBINED_ENSEMBLE_MMD,1,best,PER_OUTCOME_ENSEMBLE_MMD,12,0.06482428986740638,0.4340289014524613,0.287920705312091,0.1459431334335881,-0.01629455369877575
COMBINED_ENSEMBLE_MMD,1,best,PER_OUTCOME_ENSEMBLE_MMD,13,0.2063461184019248,0.48225133379841967,0.1340960424164717,0.032334765137059795,0.3803574716667894
COMBINED_ENSEMBLE_MMD,1,best,PER_OUTCOME_ENSEMBLE_MMD,14,-0.04636760693310982,0.48297404180126347,0.20727170456051328,-0.4007600902984909,0.3080248764322713
COMBINED_ENSEMBLE_MMD,1,best,PER_OUTCOME_ENSEMBLE_MMD,15,-0.15801396449041735,0.5657875667257174,0.21372756214258232,-0.29560073636889284,-0.02042719261194185
COMBINED_ENSEMBLE_MMD,1,best,PER_OUTCOME_ENSEMBLE_MMD,16,-0.08155573448610065,0.4691508860984318,0.17225742570956043,0.2163838687882767,-0.37949533776047745
COMBINED_ENSEMBLE_MMD,1,best,PER_OUTCOME_ENSEMBLE_MMD,17,-0.09268115924764841,0.4631538826025593,0.24204060025038376,-0.23868271436470875,0.05332039586941173
COMBINED_ENSEMBLE_MMD,1,best,PER_OUTCOME_ENSEMBLE_MMD,18,-0.2911715149707687,0.45943927548143526,0.19131226056154987,-0.20280293271444577,-0.37954009722709164
COMBINED_ENSEMBLE_MMD,1,best,PER_OUTCOME_ENSEMBLE_MMD,19,0.21135537303358154,0.5582605037314566,0.2096162812285897,0.3185052401523333,0.10420550591482984
COMBINED_ENSEMBLE_MMD,1,best,PER_OUTCOME_ENSEMBLE_MMD,20,-0.05505224252692583,0.6812420131052402,0.2255792347845788,-0.24329835565071808,0.13319387059686605
COMBINED_ENSEMBLE_MMD,1,best,PER_OUTCOME_ENSEMBLE_MMD,21,0.22508927837770848,0.5279162926047191,0.12091549568454388,0.4245978105354668,0.02558074621995051
COMBINED_ENSEMBLE_MMD,1,best,PER_OUTCOME_ENSEMBLE_MMD,22,0.07894925887488413,0.5928212566304089,0.20509522446485282,-0.14208775649114233,0.29998627424091096
COMBINED_ENSEMBLE_MMD,1,best,PER_OUTCOME_ENSEMBLE_MMD,23,0.30673314736488344,0.7533555616652526,0.21271151815816197,0.3094841866712128,0.30398210805855364
COMBINED_ENSEMBLE_MMD,1,best,PER_OUTCOME_ENSEMBLE_MMD,24,-0.03752310324710499,0.6107271729772826,0.2773113430338946,-0.10966080498786077,0.03461459849365116
COMBINED_ENSEMBLE_MMD,1,best,PER_OUTCOME_ENSEMBLE_MMD,25,-0.13380506989087992,0.5531660417822984,0.37543841874481626,0.17602546048770468,-0.4436356002694638
COMBINED_ENSEMBLE_MMD,1,best,PER_OUTCOME_ENSEMBLE_MMD,26,0.018974350332371014,0.4328518921059902,0.1801296743162044,0.014443027246944611,0.023505673417797784
COMBINED_ENSEMBLE_MMD,1,best,PER_OUTCOME_ENSEMBLE_MMD,27,-0.17413169195341566,0.6053441096170568,0.15672926084044755,0.03809938218434746,-0.3863627660911795
COMBINED_ENSEMBLE_MMD,1,best,PER_OUTCOME_ENSEMBLE_MMD,28,0.09243420756431586,0.6260948809551642,0.27720133678737935,0.08317952310098391,0.10168889202764708
COMBINED_ENSEMBLE_MMD,1,best,PER_OUTCOME_ENSEMBLE_MMD,29,0.051999750874427805,0.662473706762997,0.23886616567410682,0.06501577629323982,0.038983725455615424
COMBINED_ENSEMBLE_MMD,1,best,PER_OUTCOME_ENSEMBLE_MMD,30,-0.10460352876689043,0.464681231420745,0.10838369796562163,-0.28030781544607514,0.07110075791229502
COMBINED_ENSEMBLE_MMD,1,best,PER_OUTCOME_ENSEMBLE_MMD,31,-0.12459257550820299,0.3825385199865733,0.1707122979231886,0.049385671879882784,-0.2985708228962891
COMBINED_ENSEMBLE_MMD,1,best,COMBINED_ENSEMBLE_MMD,0,-0.03689433562414357,0.4318144165443063,0.18828366714968614,-0.18595215964558526,0.11216348839729848
COMBINED_ENSEMBLE_MMD,1,best,COMBINED_ENSEMBLE_MMD,1,0.12102599492067083,0.5763566469248003,0.22062786399971604,0.18423829867760627,0.057813691163735026
COMBINED_ENSEMBLE_MMD,1,best,COMBINED_ENSEMBLE_MMD,2,0.03923228987252762,0.48339847853032647,0.15461829928375662,0.22606489372300292,-0.14760031397794768
COMBINED_ENSEMBLE_MMD,1,best,COMBINED_ENSEMBLE_MMD,3,-0.07804144861149664,0.45733341217344736,0.12852513314615516,0.10113653302345668,-0.25721943024645
COMBINED_ENSEMBLE_MMD,1,best,COMBINED_ENSEMBLE_MMD,4,0.23813799701957591,0.42578085570860136,0.1542495521192325,0.012162047128901529,0.46411394691024993
COMBINED_ENSEMBLE_MMD,1,best,COMBINED_ENSEMBLE_MMD,5,0.17950174626784907,0.5984484415536007,0.2412546631175444,0.34410841454818286,0.01489507798751529
COMBINED_ENSEMBLE_MMD,1,best,COMBINED_ENSEMBLE_MMD,6,0.040069694084651594,0.6218837107205037,0.318110187746034,0.1199125431080376,-0.03977315493873479
COMBINED_ENSEMBLE_MMD,1,best,COMBINED_ENSEMBLE_MMD,7,0.2135859936531792,0.46602224692015026,0.17829616629094724,0.12460664430156958,0.3025653430047885
COMBINED_ENSEMBLE_MMD,1,best,COMBINED_ENSEMBLE_MMD,8,0.19688452135064613,0.5428916931040999,0.14610365610733533,0.06843164073264205,0.32533740196864985
COMBINED_ENSEMBLE_MMD,1,best,COMBINED_ENSEMBLE_MMD,9,-0.007455353411827867,0.5986670696200826,0.12240066073614138,-0.29169998828480703,0.27678928146115056
COMBINED_ENSEMBLE_MMD,1,best,COMBINED_ENSEMBLE_MMD,10,0.09922419360695786,0.7382843501980365,0.1510100257971196,0.046618988058497735,0.1518293991554176
COMBINED_ENSEMBLE_MMD,1,best,COMBINED_ENSEMBLE_MMD,11,0.15583648934333136,0.5757797002624239,0.18575411709975476,-0.0013546833980315753,0.3130276620846943
COMBINED_ENSEMBLE_MMD,1,best,COMBINED_ENSEMBLE_MMD,12,0.09065412311354086,0.41952196218344895,0.287920705312091,0.1039440126122652,0.07736423361481652
COMBINED_ENSEMBLE_MMD,1,best,COMBINED_ENSEMBLE_MMD,13,0.20830186859142213,0.4669856496257587,0.1340960424164717,0.04523927616121304,0.37136446102163123
COMBINED_ENSEMBLE_MMD,1,best,COMBINED_ENSEMBLE_MMD,14,-0.09868601610988607,0.45347049061372724,0.20727170456051328,-0.48512698291847123,0.2877549506986991
COMBINED_ENSEMBLE_MMD,1,best,COMBINED_ENSEMBLE_MMD,15,-0.2289028514999277,0.5527956131603862,0.21372756214258232,-0.3806669823952946,-0.07713872060456115
COMBINED_ENSEMBLE_MMD,1,best,COMBINED_ENSEMBLE_MMD,16,-0.09225621344873666,0.4340829991774864,0.17225742570956043,0.253384567906955,-0.43789699480442906
COMBINED_ENSEMBLE_MMD,1,best,COMBINED_ENSEMBLE_MMD,17,-0.06027261281031556,0.4293071989784447,0.24204060025038376,-0.19236182220132866,0.07181659658069754
COMBINED_ENSEMBLE_MMD,1,best,COMBINED_ENSEMBLE_MMD,18,-0.2172059767004316,0.43399660485888925,0.19131226056154987,-0.15506087590932344,-0.27935107749154015
COMBINED_ENSEMBLE_MMD,1,best,COMBINED_ENSEMBLE_MMD,19,0.1593656552064293,0.5337540923727675,0.2096162812285897,0.28649847955259566,0.032232830860263004
COMBINED_ENSEMBLE_MMD,1,best,COMBINED_ENSEMBLE_MMD,20,0.0642764720678024,0.6543112252653467,0.2255792347845788,-0.18286810415607832,0.31142104829168316
COMBINED_ENSEMBLE_MMD,1,best,COMBINED_ENSEMBLE_MMD,21,0.13895419471398424,0.500112335626421,0.12091549568454388,0.3527680553595258,-0.07485966593155777
COMBINED_ENSEMBLE_MMD,1,best,COMBINED_ENSEMBLE_MMD,22,-0.13683705324740097,0.5482559375704703,0.20509522446485282,-0.3810930709605942,0.10741896446579229
COMBINED_ENSEMBLE_MMD,1,best,COMBINED_ENSEMBLE_MMD,23,0.23944657395918298,0.7385501486600146,0.21271151815816197,0.3702658424218219,0.10862730549654402
COMBINED_ENSEMBLE_MMD,1,best,COMBINED_ENSEMBLE_MMD,24,-0.08757245359048797,0.5846954526925305,0.2773113430338946,-0.14173329943385865,-0.03341160774711731
COMBINED_ENSEMBLE_MMD,1,best,COMBINED_ENSEMBLE_MMD,25,-0.13718234487638611,0.5180184622661324,0.37543841874481626,0.15170530452663886,-0.42606999427941106
COMBINED_ENSEMBLE_MMD,1,best,COMBINED_ENSEMBLE_MMD,26,0.083468638362136,0.39785662208185935,0.1801296743162044,0.06071247831139992,0.10622479841287207
COMBINED_ENSEMBLE_MMD,1,best,COMBINED_ENSEMBLE_MMD,27,-0.08669361647057969,0.5807211876649665,0.15672926084044755,0.03333023544460227,-0.206717468385762
COMBINED_ENSEMBLE_MMD,1,best,COMBINED_ENSEMBLE_MMD,28,0.08948501502930659,0.5893098623055861,0.27720133678737935,0.0962166146795244,0.08275341537908876
COMBINED_ENSEMBLE_MMD,1,best,COMBINED_ENSEMBLE_MMD,29,-0.06700256930944226,0.6318930087340247,0.23886616567410682,-0.0402509629169164,-0.0937541757019685
COMBINED_ENSEMBLE_MMD,1,best,COMBINED_ENSEMBLE_MMD,30,-0.1271288882299641,0.4479308054099391,0.10838369796562163,-0.24723599817547867,-0.0070217782844491285
COMBINED_ENSEMBLE_MMD,1,best,COMBINED_ENSEMBLE_MMD,31,0.060058951755494104,0.3495574371878072,0.1707122979231886,0.19851253291301701,-0.07839462940202917
COMBINED_ENSEMBLE_MMD,2,initial,PER_OUTCOME_ENSEMBLE_MMD,0,-0.0824855261993777,0.036283218342363366,0.08651968154300221,-0.24349894973576464,0.07852789733700924
COMBINED_ENSEMBLE_MMD,2,initial,PER_OUTCOME_ENSEMBLE_MMD,1,-0.13784381064256576,0.029906908116019704,0.0629957513691146,-0.2853075553909542,0.009619934105823033
COMBINED_ENSEMBLE_MMD,2,initial,PER_OUTCOME_ENSEMBLE_MMD,2,-0.07856157154712404,0.045093917783390225,0.08119561237284989,-0.13106800825748927,-0.02605513483675918
COMBINED_ENSEMBLE_MMD,2,initial,PER_OUTCOME_ENSEMBLE_MMD,3,0.06153377655881087,0.02071578927706197,0.028220606035982268,0.14798728186675678,-0.024919728749135027
COMBINED_ENSEMBLE_MMD,2,initial,PER_OUTCOME_ENSEMBLE_MMD,4,0.22251397638205161,0.024669939943699593,0.04302039989677462,0.17638507812314463,0.2686428746409588
COMBINED_ENSEMBLE_MMD,2,initial,PER_OUTCOME_ENSEMBLE_MMD,5,0.13512144184951208,0.056807433647989125,0.0643016350278221,0.26962454295280364,0.0006183407462208764
COMBINED_ENSEMBLE_MMD,2,initial,PER_OUTCOME_ENSEMBLE_MMD,6,-0.10063944994848936,-0.014019057637712606,0.10799649398338046,-0.20416228392867536,0.0028833840316964494
COMBINED_ENSEMBLE_MMD,2,initial,PER_OUTCOME_ENSEMBLE_MMD,7,0.11970341835309281,0.01394579900643289,0.09490073665170208,0.11076496403958247,0.12864187266660276
COMBINED_ENSEMBLE_MMD,2,initial,PER_OUTCOME_ENSEMBLE_MMD,8,0.24884946867707777,0.057180658330110656,0.03415780923903143,0.24223990374682,0.2554590336073356
COMBINED_ENSEMBLE_MMD,2,initial,PER_OUTCOME_ENSEMBLE_MMD,9,0.09125117338514399,0.04953928252443829,0.043348289645654285,0.3309126667855522,-0.1484103200152646
COMBINED_ENSEMBLE_MMD,2,initial,PER_OUTCOME_ENSEMBLE_MMD,10,0.07079041549065912,0.05017933177245082,0.07233053789683727,0.20340880144773754,-0.0618279704664193
COMBINED_ENSEMBLE_MMD,2,initial,PER_OUTCOME_ENSEMBLE_MMD,11,-0.010325683273029556,0.04891796815004357,0.08764764166670383,0.09788410383667809,-0.11853547038273682
COMBINED_ENSEMBLE_MMD,2,initial,PER_OUTCOME_ENSEMBLE_MMD,12,0.3097803310031155,0.04557942651041036,0.042279630941679344,0.04989519318104171,0.5696654688251895
COMBINED_ENSEMBLE_MMD,2,initial,PER_OUTCOME_ENSEMBLE_MMD,13,0.1039500022536292,0.05474319133531802,0.038539602068107394,-0.01888114436475889,0.2267811488720171
COMBINED_ENSEMBLE_MMD,2,initial,PER_OUTCOME_ENSEMBLE_MMD,14,0.07310947795475883,0.006917800947393582,0.0747568104955765,0.1449888738164573,0.0012300820930599698
COMBINED_ENSEMBLE_MMD,2,initial,PER_OUTCOME_ENSEMBLE_MMD,15,-0.1522266523565785,0.03253169805814338,0.058804796517386265,-0.04505249017060361,-0.25940081454255304
COMBINED_ENSEMBLE_MMD,2,initial,PER_OUTCOME_ENSEMBLE_MMD,16,-0.01574010669501099,0.021062150630769105,0.085055367623595,-0.20023373111098586,0.16875351772096425
COMBINED_ENSEMBLE_MMD,2,initial,PER_OUTCOME_ENSEMBLE_MMD,17,-0.2232733774741269,0.023420109833147906,0.13307171283709388,-0.2051956136253974,-0.24135114132285604
COMBINED_ENSEMBLE_MMD,2,initial,PER_OUTCOME_ENSEMBLE_MMD,18,0.23436354305138724,0.033115621224999,0.05820404717044738,-0.04684080117397664,0.5155678872767511
COMBINED_ENSEMBLE_MMD,2,initial,PER_OUTCOME_ENSEMBLE_MMD,19,-0.028494697316131155,0.05358443578582217,0.07021761405096466,0.10287343360697847,-0.15986282823924114
COMBINED_ENSEMBLE_MMD,2,initial,PER_OUTCOME_ENSEMBLE_MMD,20,-0.04673929342136951,-0.004232712511897496,0.050918075434358896,-0.040360512510661715,-0.05311807433207657
COMBINED_ENSEMBLE_MMD,2,initial,PER_OUTCOME_ENSEMBLE_MMD,21,-0.07302234019279283,0.01984600746861198,0.08211587429979711,-0.22409264409242588,0.07804796370684024
COMBINED_ENSEMBLE_MMD,2,initial,PER_OUTCOME_ENSEMBLE_MMD,22,-0.09002648723203444,0.021653645388503673,0.04552560526600453,0.21629835328080235,-0.39635132774487103
COMBINED_ENSEMBLE_MMD,2,initial,PER_OUTCOME_ENSEMBLE_MMD,23,0.016071521480922984,0.03855072935787085,0.06441435050883514,0.08359257617125009,-0.05144953320940412
COMBINED_ENSEMBLE_MMD,2,initial,PER_OUTCOME_ENSEMBLE_MMD,24,-0.1163173371280668,0.009889059544044398,0.09816539736537787,-0.1846839327549636,-0.047950741501170034
COMBINED_ENSEMBLE_MMD,2,initial,PER_OUTCOME_ENSEMBLE_MMD,25,0.08014206769104545,0.060692675416656794,0.07474452272565153,0.14243868013390468,0.017845455248185853
COMBINED_ENSEMBLE_MMD,2,initial,PER_OUTCOME_ENSEMBLE_MMD,26,-0.019210766455280602,0.05304183035662313,0.055405014082697865,0.03317839911388195,-0.07159993202444352
COMBINED_ENSEMBLE_MMD,2,initial,PER_OUTCOME_ENSEMBLE_MMD,27,-0.041342911538606586,0.02609728684236856,0.05395602014567217,-0.11126092497998674,0.02857510190277283
COMBINED_ENSEMBLE_MMD,2,initial,PER_OUTCOME_ENSEMBLE_MMD,28,-0.2304954696186638,0.020996048958476177,0.05815085877454413,-0.06901666057916866,-0.39197427865815926
COMBINED_ENSEMBLE_MMD,2,initial,PER_OUTCOME_ENSEMBLE_MMD,29,-0.019514270780013703,0.03863177856714084,0.04220567180749475,-0.028274190448523973,-0.010754351111504173
COMBINED_ENSEMBLE_MMD,2,initial,PER_OUTCOME_ENSEMBLE_MMD,30,0.02397436205791914,0.03365264951071256,0.04065991503661725,0.30138018375249653,-0.25343145963665825
COMBINED_ENSEMBLE_MMD,2,initial,PER_OUTCOME_ENSEMBLE_MMD,31,-0.03062571598222245,0.0347752875845484,0.09314635174052434,0.012441640308971843,-0.07369307227341637
COMBINED_ENSEMBLE_MMD,2,initial,COMBINED_ENSEMBLE_MMD,0,-0.14838692637360262,-0.0005223448858513446,0.08651968154300221,-0.34727995385038535,0.050506101103180066
COMBINED_ENSEMBLE_MMD,2,initial,COMBINED_ENSEMBLE_MMD,1,-0.14617156430509243,0.004952862739981745,0.0629957513691146,-0.310202279393644,0.01785915078345912
COMBINED_ENSEMBLE_MMD,2,initial,COMBINED_ENSEMBLE_MMD,2,0.09305743443150642,0.0029840702251666684,0.08119561237284989,0.015291148088425837,0.17082372077458646
COMBINED_ENSEMBLE_MMD,2,initial,COMBINED_ENSEMBLE_MMD,3,0.08421179319240246,-0.0023650462240207837,0.028220606035982268,0.16599299302475465,0.0024305933600501004
COMBINED_ENSEMBLE_MMD,2,initial,COMBINED_ENSEMBLE_MMD,4,0.35760245185404294,-0.011386900384300569,0.04302039989677462,0.27499541033013775,0.44020949337794735
COMBINED_ENSEMBLE_MMD,2,initial,COMBINED_ENSEMBLE_MMD,5,0.021544904605382463,0.010191059872973085,0.0643016350278221,0.07596134278508768,-0.03287153357432275
COMBINED_ENSEMBLE_MMD,2,initial,COMBINED_ENSEMBLE_MMD,6,-0.048602503353626744,-0.06194102397863932,0.10799649398338046,-0.20109918241095723,0.10389417570370356
COMBINED_ENSEMBLE_MMD,2,initial,COMBINED_ENSEMBLE_MMD,7,0.20572166999619096,-0.039604918812564005,0.09490073665170208,0.16018432877171604,0.2512590112206657
COMBINED_ENSEMBLE_MMD,2,initial,COMBINED_ENSEMBLE_MMD,8,0.2378434248244432,0.04277090505768921,0.03415780923903143,0.20524685833851883,0.270439991310368
COMBINED_ENSEMBLE_MMD,2,initial,COMBINED_ENSEMBLE_MMD,9,-0.08270106621802573,0.014980777422672675,0.043348289645654285,0.11421969898820902,-0.27962183142426045
COMBINED_ENSEMBLE_MMD,2,initial,COMBINED_ENSEMBLE_MMD,10,-0.11033755125594273,-0.015422656941839863,0.07233053789683727,0.002678212877123739,-0.22335331538900993
COMBINED_ENSEMBLE_MMD,2,initial,COMBINED_ENSEMBLE_MMD,11,-0.06290735658429562,-0.001736521805829172,0.08764764166670383,0.03486910375408418,-0.16068381692267525
COMBINED_ENSEMBLE_MMD,2,initial,COMBINED_ENSEMBLE_MMD,12,0.39301881154772955,0.03163360358500422,0.042279630941679344,0.14431000922641343,0.6417276138690455
COMBINED_ENSEMBLE_MMD,2,initial,COMBINED_ENSEMBLE_MMD,13,0.06361999541819967,0.04862213568635254,0.038539602068107394,-0.10669290667641515,0.23393289751281485
COMBINED_ENSEMBLE_MMD,2,initial,COMBINED_ENSEMBLE_MMD,14,0.0593100335130022,-0.007592709848728951,0.0747568104955765,0.1321267343281718,-0.013506667302167024
COMBINED_ENSEMBLE_MMD,2,initial,COMBINED_ENSEMBLE_MMD,15,-0.18536208515316827,0.004451810345626583,0.058804796517386265,-0.022640508558801065,-0.3480836617475362
COMBINED_ENSEMBLE_MMD,2,initial,COMBINED_ENSEMBLE_MMD,16,0.0813895309005989,0.010985057913782681,0.085055367623595,-0.09700506706156817,0.259784128862766
COMBINED_ENSEMBLE_MMD,2,initial,COMBINED_ENSEMBLE_MMD,17,-0.31912242401306157,-0.03282850985290331,0.13307171283709388,-0.30289236162703737,-0.33535248639908644
COMBINED_ENSEMBLE_MMD,2,initial,COMBINED_ENSEMBLE_MMD,18,0.12462600559350112,-0.02020047787558532,0.05820404717044738,-0.18984537624316586,0.43909738743016774
COMBINED_ENSEMBLE_MMD,2,initial,COMBINED_ENSEMBLE_MMD,19,0.14804025810516394,0.01997770010761979,0.07021761405096466,0.26436715260546995,0.03171336360485796
COMBINED_ENSEMBLE_MMD,2,initial,COMBINED_ENSEMBLE_MMD,20,-0.05687720493512516,-0.013160584429558586,0.050918075434358896,-0.036598359239381484,-0.07715605063086828
COMBINED_ENSEMBLE_MMD,2,initial,COMBINED_ENSEMBLE_MMD,21,-0.08065477790174524,0.0005300280661189039,0.08211587429979711,-0.2754549155166068,0.11414535971311646
COMBINED_ENSEMBLE_MMD,2,initial,COMBINED_ENSEMBLE_MMD,22,0.07402878674843276,-0.014794612243312244,0.04552560526600453,0.428488940945817,-0.2804313674489517
COMBINED_ENSEMBLE_MMD,2,initial,COMBINED_ENSEMBLE_MMD,23,0.0513978407480679,-0.009011663454244978,0.06441435050883514,0.1625969633012762,-0.059801281805140216
COMBINED_ENSEMBLE_MMD,2,initial,COMBINED_ENSEMBLE_MMD,24,-0.2750029351705278,-0.04096399204979395,0.09816539736537787,-0.41863075090300184,-0.13137511943805433
COMBINED_ENSEMBLE_MMD,2,initial,COMBINED_ENSEMBLE_MMD,25,0.0873501806639491,0.01217732098274693,0.07474452272565153,0.2147746924440641,-0.04007433111616554
COMBINED_ENSEMBLE_MMD,2,initial,COMBINED_ENSEMBLE_MMD,26,0.017068237419167374,0.02320808835186483,0.055405014082697865,0.09371164603068786,-0.05957517119235275
COMBINED_ENSEMBLE_MMD,2,initial,COMBINED_ENSEMBLE_MMD,27,-0.048107955192795426,-0.030431588470746895,0.05395602014567217,-0.10633190932688405,0.010115998941293003
COMBINED_ENSEMBLE_MMD,2,initial,COMBINED_ENSEMBLE_MMD,28,-0.21254609085978687,-0.036070196276923205,0.05815085877454413,-0.07650195098251637,-0.34859023073705697
COMBINED_ENSEMBLE_MMD,2,initial,COMBINED_ENSEMBLE_MMD,29,0.020483555893965704,0.021409719429834828,0.04220567180749475,-0.0032436667606102385,0.04421077854854146
COMBINED_ENSEMBLE_MMD,2,initial,COMBINED_ENSEMBLE_MMD,30,-0.08054188785615701,0.017523084497105046,0.04065991503661725,0.12700527884450272,-0.2880890545568171
COMBINED_ENSEMBLE_MMD,2,initial,COMBINED_ENSEMBLE_MMD,31,-0.16588152851385263,0.004537187220628347,0.09314635174052434,-0.09381314808451835,-0.2379499089431871
COMBINED_ENSEMBLE_MMD,2,intermediate,PER_OUTCOME_ENSEMBLE_MMD,0,0.10587886146309419,0.10219061130639484,0.14986175824273995,-0.035601877135885696,0.24735960006207408
COMBINED_ENSEMBLE_MMD,2,intermediate,PER_OUTCOME_ENSEMBLE_MMD,1,-0.02762277583425547,0.13434043379511595,0.07533244975804455,-0.07037237335197641,0.015126821683465463
COMBINED_ENSEMBLE_MMD,2,intermediate,PER_OUTCOME_ENSEMBLE_MMD,2,-0.04453801335254045,0.14469747931550048,0.14269449678719281,0.07548089797034216,-0.16455692467542304
COMBINED_ENSEMBLE_MMD,2,intermediate,PER_OUTCOME_ENSEMBLE_MMD,3,-0.08383389028619348,0.08142334272151497,0.10976476803846082,0.08419161296418695,-0.2518593935365741
COMBINED_ENSEMBLE_MMD,2,intermediate,PER_OUTCOME_ENSEMBLE_MMD,4,0.18611108622761682,0.08672520654443816,0.11515574564307478,0.28762562812055215,0.08459654433468153
COMBINED_ENSEMBLE_MMD,2,intermediate,PER_OUTCOME_ENSEMBLE_MMD,5,0.26935034985873724,0.17493089955988128,0.21886999616592043,0.39849545397420066,0.14020524574327436
COMBINED_ENSEMBLE_MMD,2,intermediate,PER_OUTCOME_ENSEMBLE_MMD,6,0.06840758710014438,0.11025091854553115,0.09335330626275289,0.14624005709814702,-0.009424882897858256
COMBINED_ENSEMBLE_MMD,2,intermediate,PER_OUTCOME_ENSEMBLE_MMD,7,-0.04538903283967185,0.10115929712445504,0.1607910933855958,-0.017990896759896662,-0.07278716891944703
COMBINED_ENSEMBLE_MMD,2,intermediate,PER_OUTCOME_ENSEMBLE_MMD,8,0.11672214360493668,0.11685525016009257,0.15915348452801648,0.13958674375167512,0.09385754345819879
COMBINED_ENSEMBLE_MMD,2,intermediate,PER_OUTCOME_ENSEMBLE_MMD,9,0.21740840732407563,0.13832639100830457,0.12187694801187135,0.4014729457690499,0.0333438688791012
COMBINED_ENSEMBLE_MMD,2,intermediate,PER_OUTCOME_ENSEMBLE_MMD,10,-0.04695425869565802,0.1422493104588991,0.14527399379582637,0.11543649378317127,-0.2093450111744873
COMBINED_ENSEMBLE_MMD,2,intermediate,PER_OUTCOME_ENSEMBLE_MMD,11,-0.02669784552268295,0.13170158133462495,0.07867084076850347,0.00904719060018766,-0.062442881645552825
COMBINED_ENSEMBLE_MMD,2,intermediate,PER_OUTCOME_ENSEMBLE_MMD,12,0.07007719141476318,0.13330139609850344,0.11973019772753338,0.23457738991761773,-0.09442300708809137
COMBINED_ENSEMBLE_MMD,2,intermediate,PER_OUTCOME_ENSEMBLE_MMD,13,0.10148470942690446,0.10804452944048348,0.08547829598220465,0.012572526465840877,0.1903968923879677
COMBINED_ENSEMBLE_MMD,2,intermediate,PER_OUTCOME_ENSEMBLE_MMD,14,0.040359715800489436,0.12025048300235297,0.08341327516834365,0.17274128391593443,-0.09202185231495538
COMBINED_ENSEMBLE_MMD,2,intermediate,PER_OUTCOME_ENSEMBLE_MMD,15,0.0021336047419788047,0.11453406281920997,0.1479733790449147,-0.013034895288681625,0.01730210477263942
COMBINED_ENSEMBLE_MMD,2,intermediate,PER_OUTCOME_ENSEMBLE_MMD,16,-0.13887813809541,0.11410898149394955,0.12369099573690809,-0.2746744800234876,-0.0030817961673323957
COMBINED_ENSEMBLE_MMD,2,intermediate,PER_OUTCOME_ENSEMBLE_MMD,17,0.03024089055723082,0.10031530565053526,0.098833672073889,-0.014485245354719883,0.07496702646918171
COMBINED_ENSEMBLE_MMD,2,intermediate,PER_OUTCOME_ENSEMBLE_MMD,18,0.14539817090654145,0.13775591155231415,0.10595157502259187,0.1837764530303025,0.10701988878278076
COMBINED_ENSEMBLE_MMD,2,intermediate,PER_OUTCOME_ENSEMBLE_MMD,19,-0.1671372085284469,0.15554211954675146,0.1281674171761526,-0.07105317656315539,-0.2632212404937388
COMBINED_ENSEMBLE_MMD,2,intermediate,PER_OUTCOME_ENSEMBLE_MMD,20,0.18919951699232995,0.09570495429376069,0.14228922854986997,0.2584898359546843,0.11990919802997621
COMBINED_ENSEMBLE_MMD,2,intermediate,PER_OUTCOME_ENSEMBLE_MMD,21,0.025850621594426526,0.11844977328412587,0.20488053228866193,-0.03726584176046618,0.08896708494931924
COMBINED_ENSEMBLE_MMD,2,intermediate,PER_OUTCOME_ENSEMBLE_MMD,22,-0.13018709056383324,0.1255440433061874,0.10141062344094273,0.14278158460004797,-0.40315576572771483
COMBINED_ENSEMBLE_MMD,2,intermediate,PER_OUTCOME_ENSEMBLE_MMD,23,0.1350856897672152,0.14219103421347912,0.14952106186300446,0.13195758869538649,0.1382137908390439
COMBINED_ENSEMBLE_MMD,2,intermediate,PER_OUTCOME_ENSEMBLE_MMD,24,0.06923929901632264,0.12902013928668743,0.1311505886977963,-0.15362897848465157,0.292107576517297
COMBINED_ENSEMBLE_MMD,2,intermediate,PER_OUTCOME_ENSEMBLE_MMD,25,-0.1162808073284046,0.11417302418201025,0.10141654727846698,0.1507275067993356,-0.3832891214561444
COMBINED_ENSEMBLE_MMD,2,intermediate,PER_OUTCOME_ENSEMBLE_MMD,26,-0.05336860333227852,0.13859034651312196,0.20608821323966653,-0.07056030321159461,-0.03617690345296225
COMBINED_ENSEMBLE_MMD,2,intermediate,PER_OUTCOME_ENSEMBLE_MMD,27,-0.07888302374138512,0.1338362451158568,0.15457642971853147,-0.2651576474185184,0.10739159993574776
COMBINED_ENSEMBLE_MMD,2,intermediate,PER_OUTCOME_ENSEMBLE_MMD,28,0.07815902738250169,0.11678122707830663,0.07210028964258698,0.24301800652701933,-0.08669995176201632
COMBINED_ENSEMBLE_MMD,2,intermediate,PER_OUTCOME_ENSEMBLE_MMD,29,-0.04168900212362344,0.0863276977780314,0.16385763595091943,0.024849535385364684,-0.10822753963261175
COMBINED_ENSEMBLE_MMD,2,intermediate,PER_OUTCOME_ENSEMBLE_MMD,30,0.07511851509211853,0.13389093543417507,0.12630388815212742,0.36537901388882243,-0.21514198370458465
COMBINED_ENSEMBLE_MMD,2,intermediate,PER_OUTCOME_ENSEMBLE_MMD,31,0.13674330602775564,0.07406471198352405,0.16144974726717176,0.1583468108501692,0.1151398012053421
COMBINED_ENSEMBLE_MMD,2,intermediate,COMBINED_ENSEMBLE_MMD,0,0.07776743391228247,0.09882280861685744,0.14986175824273995,-0.047620287441551,0.20315515526611594
COMBINED_ENSEMBLE_MMD,2,intermediate,COMBINED_ENSEMBLE_MMD,1,-0.08561381187031833,0.12984255132777023,0.07533244975804455,-0.1444612878289786,-0.026766335911657856
COMBINED_ENSEMBLE_MMD,2,intermediate,COMBINED_ENSEMBLE_MMD,2,0.09959874708681464,0.1634815906697077,0.14269449678719281,0.1816322356514936,0.017565258522136234
COMBINED_ENSEMBLE_MMD,2,intermediate,COMBINED_ENSEMBLE_MMD,3,-0.0021996257329359725,0.0968220442901071,0.10976476803846082,0.12056784491718431,-0.12496709638305645
COMBINED_ENSEMBLE_MMD,2,intermediate,COMBINED_ENSEMBLE_MMD,4,0.2930315935631837,0.11684671164036875,0.11515574564307478,0.37650546556681025,0.20955772155955732
COMBINED_ENSEMBLE_MMD,2,intermediate,COMBINED_ENSEMBLE_MMD,5,0.15086324220161393,0.1758721577410326,0.21886999616592043,0.28737905305370165,0.014347431349526579
COMBINED_ENSEMBLE_MMD,2,intermediate,COMBINED_ENSEMBLE_MMD,6,-0.003367436892682078,0.1051873252648593,0.09335330626275289,0.07944771239119186,-0.0861825861765562
COMBINED_ENSEMBLE_MMD,2,intermediate,COMBINED_ENSEMBLE_MMD,7,0.0750817126704693,0.09589573802505547,0.1607910933855958,0.07852406518516672,0.07163936015577188
COMBINED_ENSEMBLE_MMD,2,intermediate,COMBINED_ENSEMBLE_MMD,8,0.05927907286428743,0.13349013749433813,0.15915348452801648,0.07279620788026464,0.0457619378483104
COMBINED_ENSEMBLE_MMD,2,intermediate,COMBINED_ENSEMBLE_MMD,9,0.06824447513666491,0.15045098903187248,0.12187694801187135,0.27451138217366444,-0.13802243190033464
COMBINED_ENSEMBLE_MMD,2,intermediate,COMBINED_ENSEMBLE_MMD,10,-0.1171400497639602,0.15273751056243057,0.14527399379582637,0.11846662313906262,-0.35274672266698304
COMBINED_ENSEMBLE_MMD,2,intermediate,COMBINED_ENSEMBLE_MMD,11,0.04768897833362484,0.10820261266713238,0.07867084076850347,0.021163761627621312,0.07421419503962856
COMBINED_ENSEMBLE_MMD,2,intermediate,COMBINED_ENSEMBLE_MMD,12,0.2212787790476915,0.13383393961742707,0.11973019772753338,0.41990310551480653,0.022654452580576634
COMBINED_ENSEMBLE_MMD,2,intermediate,COMBINED_ENSEMBLE_MMD,13,0.12433045364469839,0.11287952612905938,0.08547829598220465,0.06243804095426242,0.18622286633513416
COMBINED_ENSEMBLE_MMD,2,intermediate,COMBINED_ENSEMBLE_MMD,14,0.09739016177866988,0.13458210824034766,0.08341327516834365,0.25224860398777804,-0.05746828043043828
COMBINED_ENSEMBLE_MMD,2,intermediate,COMBINED_ENSEMBLE_MMD,15,-0.05639630557456495,0.12166860609848207,0.1479733790449147,-0.08067639791627872,-0.032116213232851375
COMBINED_ENSEMBLE_MMD,2,intermediate,COMBINED_ENSEMBLE_MMD,16,-0.03797274191221667,0.10131272296759475,0.12369099573690809,-0.19529751258219505,0.11935202875776134
COMBINED_ENSEMBLE_MMD,2,intermediate,COMBINED_ENSEMBLE_MMD,17,-0.09602003904202405,0.09235258005661973,0.098833672073889,-0.1444034891571977,-0.047636588926850784
COMBINED_ENSEMBLE_MMD,2,intermediate,COMBINED_ENSEMBLE_MMD,18,0.03264548572309438,0.14302519190360397,0.10595157502259187,0.08080367018345988,-0.015512698737271124
COMBINED_ENSEMBLE_MMD,2,intermediate,COMBINED_ENSEMBLE_MMD,19,-0.08590264287553015,0.16774407850247464,0.1281674171761526,0.006097709985912747,-0.17790299573697285
COMBINED_ENSEMBLE_MMD,2,intermediate,COMBINED_ENSEMBLE_MMD,20,0.1723812213928405,0.09269087215482752,0.14228922854986997,0.22957331129169795,0.1151891314939831
COMBINED_ENSEMBLE_MMD,2,intermediate,COMBINED_ENSEMBLE_MMD,21,0.009760066252638144,0.11196478662621934,0.20488053228866193,-0.06072839528723173,0.08024852779250784
COMBINED_ENSEMBLE_MMD,2,intermediate,COMBINED_ENSEMBLE_MMD,22,-0.022664240686649705,0.14441238777222887,0.10141062344094273,0.2195564915762338,-0.26488497294953306
COMBINED_ENSEMBLE_MMD,2,intermediate,COMBINED_ENSEMBLE_MMD,23,0.11714440863124675,0.161845779918672,0.14952106186300446,0.16960053764151994,0.06468827962097357
COMBINED_ENSEMBLE_MMD,2,intermediate,COMBINED_ENSEMBLE_MMD,24,-0.07295507780684107,0.13578314274787884,0.1311505886977963,-0.20029500264024208,0.0543848470265601
COMBINED_ENSEMBLE_MMD,2,intermediate,COMBINED_ENSEMBLE_MMD,25,-0.11931508076724755,0.11397051350410692,0.10141654727846698,0.1255221579826523,-0.3641523195171474
COMBINED_ENSEMBLE_MMD,2,intermediate,COMBINED_ENSEMBLE_MMD,26,-0.055136803614320905,0.12953997385725813,0.20608821323966653,0.0003747071914417255,-0.11064831442008354
COMBINED_ENSEMBLE_MMD,2,intermediate,COMBINED_ENSEMBLE_MMD,27,-0.10261725876703043,0.12066613384111935,0.15457642971853147,-0.2545999492836134,0.0493654317495527
COMBINED_ENSEMBLE_MMD,2,intermediate,COMBINED_ENSEMBLE_MMD,28,0.018228988565939797,0.11986540372485688,0.07210028964258698,0.2049083683036083,-0.16845039117172872
COMBINED_ENSEMBLE_MMD,2,intermediate,COMBINED_ENSEMBLE_MMD,29,-0.12349386751154083,0.08523923513853304,0.16385763595091943,-0.11450142911337095,-0.13248630590971072
COMBINED_ENSEMBLE_MMD,2,intermediate,COMBINED_ENSEMBLE_MMD,30,0.021193273783571276,0.13746728175238399,0.12630388815212742,0.37945068629603157,-0.3370641387288892
COMBINED_ENSEMBLE_MMD,2,intermediate,COMBINED_ENSEMBLE_MMD,31,0.07836614635251371,0.07414602866054876,0.16144974726717176,0.15752923546768272,-0.000796942762655295
COMBINED_ENSEMBLE_MMD,2,best,PER_OUTCOME_ENSEMBLE_MMD,0,0.11093812090678612,0.12704999735150635,0.13753817685299471,-0.07460564872160033,0.29648189053517293
COMBINED_ENSEMBLE_MMD,2,best,PER_OUTCOME_ENSEMBLE_MMD,1,-0.05148983249205208,0.14437562315416452,0.11036509493375384,-0.08736877416699484,-0.015610890817109684
COMBINED_ENSEMBLE_MMD,2,best,PER_OUTCOME_ENSEMBLE_MMD,2,-0.08224288829531227,0.16356155455314403,0.1078539856418471,0.04738809349434233,-0.21187387008496705
COMBINED_ENSEMBLE_MMD,2,best,PER_OUTCOME_ENSEMBLE_MMD,3,-0.13682136690738256,0.10822094906131541,0.10807612828048786,0.08163636581558202,-0.35527909963034676
COMBINED_ENSEMBLE_MMD,2,best,PER_OUTCOME_ENSEMBLE_MMD,4,0.1828738962533183,0.11141420904561372,0.17523471842222776,0.31423554232177797,0.05151225018485843
COMBINED_ENSEMBLE_MMD,2,best,PER_OUTCOME_ENSEMBLE_MMD,5,0.2811720359797695,0.21022965021703321,0.2773443543235783,0.44211967256746476,0.12022439939207338
COMBINED_ENSEMBLE_MMD,2,best,PER_OUTCOME_ENSEMBLE_MMD,6,0.09658647834893674,0.14177337946971413,0.10095070962122239,0.20088120346680877,-0.00770824676893489
COMBINED_ENSEMBLE_MMD,2,best,PER_OUTCOME_ENSEMBLE_MMD,7,0.023576943829737296,0.12933182050531855,0.18902494149541232,0.09319086992814327,-0.04603698226866941
COMBINED_ENSEMBLE_MMD,2,best,PER_OUTCOME_ENSEMBLE_MMD,8,0.016048390525009358,0.13837045500702072,0.17763437427906134,-0.04306250191878321,0.07515928296880156
COMBINED_ENSEMBLE_MMD,2,best,PER_OUTCOME_ENSEMBLE_MMD,9,0.24129267855446854,0.1702705021735217,0.1897885721972097,0.4164900627036254,0.0660952944053119
COMBINED_ENSEMBLE_MMD,2,best,PER_OUTCOME_ENSEMBLE_MMD,10,-0.07259601032650442,0.18764301167541475,0.2074698833187553,0.10666345233305416,-0.25185547298606303
COMBINED_ENSEMBLE_MMD,2,best,PER_OUTCOME_ENSEMBLE_MMD,11,-0.03879391609355761,0.16807677679348088,0.08677889220644389,-0.007300151409722252,-0.07028768077739334
COMBINED_ENSEMBLE_MMD,2,best,PER_OUTCOME_ENSEMBLE_MMD,12,0.07008485096845411,0.15203494247293492,0.11664319034018537,0.26356023496437214,-0.12339053302746392
COMBINED_ENSEMBLE_MMD,2,best,PER_OUTCOME_ENSEMBLE_MMD,13,0.030270145472309773,0.1399692243996623,0.13337134076893264,0.021248918527662457,0.03929137241695709
COMBINED_ENSEMBLE_MMD,2,best,PER_OUTCOME_ENSEMBLE_MMD,14,0.061089771313899886,0.14387165734226548,0.08533445843057648,0.1549718307952815,-0.032792288167482295
COMBINED_ENSEMBLE_MMD,2,best,PER_OUTCOME_ENSEMBLE_MMD,15,0.011961341122080176,0.14310181319412385,0.1582952186475975,-0.0016768567207381402,0.025599538964897937
COMBINED_ENSEMBLE_MMD,2,best,PER_OUTCOME_ENSEMBLE_MMD,16,-0.10302009088848967,0.1404320932272457,0.14944408713700624,-0.27513700908696836,0.0690968273099892
COMBINED_ENSEMBLE_MMD,2,best,PER_OUTCOME_ENSEMBLE_MMD,17,0.07625412158179135,0.11568445689070794,0.17063368539220586,0.0638996243606571,0.08860861880292559
COMBINED_ENSEMBLE_MMD,2,best,PER_OUTCOME_ENSEMBLE_MMD,18,0.1286250692971913,0.15973739315992141,0.11208648700246349,0.12317440644950921,0.13407573214487378
COMBINED_ENSEMBLE_MMD,2,best,PER_OUTCOME_ENSEMBLE_MMD,19,-0.13055839210222575,0.1745684177024952,0.16206172914566566,0.05081765931101323,-0.31193444351546457
COMBINED_ENSEMBLE_MMD,2,best,PER_OUTCOME_ENSEMBLE_MMD,20,0.10853839498573992,0.12162658389759728,0.14779368254870526,0.1446001322743677,0.07247665769711217
COMBINED_ENSEMBLE_MMD,2,best,PER_OUTCOME_ENSEMBLE_MMD,21,0.024883741932382186,0.15284652564902423,0.22014779710926782,0.020545347652344653,0.02922213621242009
COMBINED_ENSEMBLE_MMD,2,best,PER_OUTCOME_ENSEMBLE_MMD,22,-0.08635387679572393,0.16545767284791968,0.18988828722131212,0.18775214408103186,-0.36045989767247955
COMBINED_ENSEMBLE_MMD,2,best,PER_OUTCOME_ENSEMBLE_MMD,23,0.0979757658703336,0.16866363907288273,0.18086805791498423,0.0634894587930642,0.132462072947603
COMBINED_ENSEMBLE_MMD,2,best,PER_OUTCOME_ENSEMBLE_MMD,24,0.10445197402925341,0.150974830976479,0.15789551580385802,-0.09048119887541839,0.29938514693392465
COMBINED_ENSEMBLE_MMD,2,best,PER_OUTCOME_ENSEMBLE_MMD,25,-0.07780581963023818,0.14048311343755338,0.10279945763039172,0.255015437775048,-0.41062707703552437
COMBINED_ENSEMBLE_MMD,2,best,PER_OUTCOME_ENSEMBLE_MMD,26,-0.06842932056713455,0.16272083292321005,0.2233648980727173,-0.058494911022476025,-0.07836373011179307
COMBINED_ENSEMBLE_MMD,2,best,PER_OUTCOME_ENSEMBLE_MMD,27,-0.16762520479726337,0.172605083318227,0.14538698098136477,-0.4354728705339639,0.10022246093943718
COMBINED_ENSEMBLE_MMD,2,best,PER_OUTCOME_ENSEMBLE_MMD,28,0.12092879258439086,0.15978919959519733,0.1593447690375338,0.32179317597184365,-0.07993559080306172
COMBINED_ENSEMBLE_MMD,2,best,PER_OUTCOME_ENSEMBLE_MMD,29,-0.1151970156658444,0.10758052879501345,0.21007750031842412,-0.07148378179539987,-0.15891024953628838
COMBINED_ENSEMBLE_MMD,2,best,PER_OUTCOME_ENSEMBLE_MMD,30,0.054428530508005,0.1439331718312561,0.1489039363875031,0.2675959422084284,-0.15873888119241825
COMBINED_ENSEMBLE_MMD,2,best,PER_OUTCOME_ENSEMBLE_MMD,31,0.05595565487612346,0.10069166951479469,0.23882631884031655,-0.010099325183627883,0.1220106349358746
COMBINED_ENSEMBLE_MMD,2,best,COMBINED_ENSEMBLE_MMD,0,0.06892683240187436,0.10887976065274207,0.13753817685299471,-0.0994112334960103,0.23726489829975939
COMBINED_ENSEMBLE_MMD,2,best,COMBINED_ENSEMBLE_MMD,1,-0.06844023687648323,0.1343009157593792,0.11036509493375384,-0.0978545057804466,-0.03902596797251967
COMBINED_ENSEMBLE_MMD,2,best,COMBINED_ENSEMBLE_MMD,2,0.030200195339613045,0.16889760298933787,0.1078539856418471,0.10025158037638482,-0.03985118969715873
COMBINED_ENSEMBLE_MMD,2,best,COMBINED_ENSEMBLE_MMD,3,-0.06194310458269292,0.11066914585888799,0.10807612828048786,0.12655831979918172,-0.25044452896456776
COMBINED_ENSEMBLE_MMD,2,best,COMBINED_ENSEMBLE_MMD,4,0.25059387065591116,0.13599316870258893,0.17523471842222776,0.35718809846464195,0.14399964284718053
COMBINED_ENSEMBLE_MMD,2,best,COMBINED_ENSEMBLE_MMD,5,0.14314123399649825,0.19528993894595326,0.2773443543235783,0.3216965572005463,-0.03541408920754996
COMBINED_ENSEMBLE_MMD,2,best,COMBINED_ENSEMBLE_MMD,6,0.020916907965768027,0.13537524965221248,0.10095070962122239,0.08880158782457219,-0.046967771893036324
COMBINED_ENSEMBLE_MMD,2,best,COMBINED_ENSEMBLE_MMD,7,0.10618390410090976,0.11740375827783678,0.18902494149541232,0.14483731870133187,0.06753048950048746
COMBINED_ENSEMBLE_MMD,2,best,COMBINED_ENSEMBLE_MMD,8,-0.04200384611910746,0.13473996706019764,0.17763437427906134,-0.12463875158995423,0.040631059351739496
COMBINED_ENSEMBLE_MMD,2,best,COMBINED_ENSEMBLE_MMD,9,0.112949809068477,0.16905807738898704,0.1897885721972097,0.3070121590464736,-0.08111254090951962
COMBINED_ENSEMBLE_MMD,2,best,COMBINED_ENSEMBLE_MMD,10,-0.1432758210547495,0.1885735575661759,0.2074698833187553,0.09012921154533708,-0.37668085365483644
COMBINED_ENSEMBLE_MMD,2,best,COMBINED_ENSEMBLE_MMD,11,0.014579744776280953,0.13125170231366856,0.08677889220644389,0.007136893326385267,0.022022596226176454
COMBINED_ENSEMBLE_MMD,2,best,COMBINED_ENSEMBLE_MMD,12,0.2043903696632323,0.13562370464512874,0.11664319034018537,0.4037191648782059,0.005061574448258869
COMBINED_ENSEMBLE_MMD,2,best,COMBINED_ENSEMBLE_MMD,13,0.07473431472751535,0.13997272124643856,0.13337134076893264,0.0717915633040948,0.0776770661509361
COMBINED_ENSEMBLE_MMD,2,best,COMBINED_ENSEMBLE_MMD,14,0.13122665009387008,0.14601720480613556,0.08533445843057648,0.25902995865296063,0.0034233415347795226
COMBINED_ENSEMBLE_MMD,2,best,COMBINED_ENSEMBLE_MMD,15,-0.013546296739710233,0.1437826304918277,0.1582952186475975,-0.046114918677565196,0.01902232519814473
COMBINED_ENSEMBLE_MMD,2,best,COMBINED_ENSEMBLE_MMD,16,-0.028454230598531177,0.1234151544514992,0.14944408713700624,-0.19845347750051534,0.141545016303453
COMBINED_ENSEMBLE_MMD,2,best,COMBINED_ENSEMBLE_MMD,17,-0.026665933516225593,0.09992162284789685,0.17063368539220586,-0.019970075861036607,-0.03336179117141458
COMBINED_ENSEMBLE_MMD,2,best,COMBINED_ENSEMBLE_MMD,18,0.006352095927008583,0.151794784856069,0.11208648700246349,-0.007940715915102741,0.020644907769119907
COMBINED_ENSEMBLE_MMD,2,best,COMBINED_ENSEMBLE_MMD,19,-0.0798182253552504,0.1711249314674923,0.16206172914566566,0.09123806807796046,-0.25087451878846145
COMBINED_ENSEMBLE_MMD,2,best,COMBINED_ENSEMBLE_MMD,20,0.11283925604621381,0.10412859129628016,0.14779368254870526,0.13172168009085938,0.09395683200156806
COMBINED_ENSEMBLE_MMD,2,best,COMBINED_ENSEMBLE_MMD,21,0.012338516692195583,0.14454806348166982,0.22014779710926782,-0.01557947990224647,0.04025651328663764
COMBINED_ENSEMBLE_MMD,2,best,COMBINED_ENSEMBLE_MMD,22,0.01939495079475051,0.1680979363669841,0.18988828722131212,0.2542132473584776,-0.21542334576897657
COMBINED_ENSEMBLE_MMD,2,best,COMBINED_ENSEMBLE_MMD,23,0.07044743796797648,0.17186776853910402,0.18086805791498423,0.05346516866038672,0.08742970727556607
COMBINED_ENSEMBLE_MMD,2,best,COMBINED_ENSEMBLE_MMD,24,-0.06211225765863767,0.14308704544590367,0.15789551580385802,-0.14969622612786856,0.025471710810593223
COMBINED_ENSEMBLE_MMD,2,best,COMBINED_ENSEMBLE_MMD,25,-0.07163991953967497,0.13682033134437654,0.10279945763039172,0.22012230696857057,-0.3634021460479207
COMBINED_ENSEMBLE_MMD,2,best,COMBINED_ENSEMBLE_MMD,26,-0.07040646642776298,0.15088441078744863,0.2233648980727173,-0.006298145260631438,-0.13451478759489452
COMBINED_ENSEMBLE_MMD,2,best,COMBINED_ENSEMBLE_MMD,27,-0.186207872043338,0.15581644465304967,0.14538698098136477,-0.424392592832343,0.05197684874566696
COMBINED_ENSEMBLE_MMD,2,best,COMBINED_ENSEMBLE_MMD,28,0.06131549547865933,0.13877924681160736,0.1593447690375338,0.2852377770499213,-0.16260678609260282
COMBINED_ENSEMBLE_MMD,2,best,COMBINED_ENSEMBLE_MMD,29,-0.12016713076203908,0.08838488707616188,0.21007750031842412,-0.12145159454074055,-0.1188826669833378
COMBINED_ENSEMBLE_MMD,2,best,COMBINED_ENSEMBLE_MMD,30,0.0219476969974954,0.14102582848822287,0.1489039363875031,0.3006572768131307,-0.2567618828181399
COMBINED_ENSEMBLE_MMD,2,best,COMBINED_ENSEMBLE_MMD,31,-0.00877041903836325,0.09026930321593363,0.23882631884031655,-0.03245631352980024,0.01491547545307374
