dataset,epsilon,synthetic_id,source_state_id,source_dataset,source_split,source_class,source_g,augmentation_method,generator,operator,perturbation_strength,random_seed,norm,purity,source_fidelity,nearest_train_fidelity,nearest_same_class_train_fidelity,nearest_other_class_train_fidelity,energy,source_energy,energy_drift,energy_drift_absolute,magnetization_x,magnetization_z2,magnetization_x_drift,magnetization_z2_drift,accepted
random,0.0,syn-fe5b75fc21774f65,class-0-00001,random,train,0,0.30107448785896784,state_local_physics,spectral_norm_normalized,field,0.0,7000,0.9999999999999998,0.9999999999999996,0.9999999999999996,0.9999999999999996,0.9999999999999996,0.6075137178327691,-3.144409289092482,-3.144409289092482,0.0,0.0,0.2523914111753475,0.9497018015390943,0.0,0.0,True
random,0.1,syn-072efaa91d4f3405,class-0-00001,random,train,0,0.30107448785896784,state_local_physics,spectral_norm_normalized,field,0.1,7001,0.9999999999999994,0.9999999999999989,0.9971414507825495,0.9971414507825488,0.9971414507825488,0.6060010479597892,-3.1364518767399963,-3.144409289092482,0.007957412352485704,0.007957412352485704,0.25239141117534747,0.947812787412778,-5.551115123125783e-17,-0.0018890141263163684,True
random,0.2,syn-47541c6cda0bacf4,class-0-00001,random,train,0,0.30107448785896784,state_local_physics,spectral_norm_normalized,field,-0.2,7002,0.9999999999999999,0.9999999999999998,0.9886118603077454,0.9886118603077454,0.9886118603077454,0.601483323382488,-3.1126591475163985,-3.144409289092482,0.03175014157608347,0.03175014157608347,0.2523914111753476,0.9421646194385549,5.551115123125783e-17,-0.007537182100539441,True
random,0.4,syn-432682b487d3842a,class-0-00001,random,train,0,0.30107448785896784,state_local_physics,spectral_norm_normalized,field,-0.4,7003,0.9999999999999993,0.9999999999999987,0.9551751340182826,0.9551868440977853,0.9551868440977853,0.5837134423559889,-3.01867450073942,-3.144409289092482,0.12573478835306195,0.12573478835306195,0.25239141117534747,0.9198535568023314,-5.551115123125783e-17,-0.029848244736762952,True
random,0.8,syn-2d61c163333fb6a0,class-0-00001,random,train,0,0.30107448785896784,state_local_physics,spectral_norm_normalized,field,-0.8,7004,0.9999999999999996,0.9999999999999991,0.8317755660265004,0.8322835639743981,0.8322835639743981,0.5172518492173284,-2.6613208941039335,-3.144409289092482,0.4830883949885485,0.4830883949885485,0.2523914111753476,0.8350212041326014,5.551115123125783e-17,-0.11468059740649295,True
random,0.0,syn-f07ae07a85461daa,class-0-00001,random,train,0,0.30107448785896784,state_local_physics,spectral_norm_normalized,interaction,0.0,7100,0.9999999999999998,0.9999999999999996,0.9999999999999996,0.9999999999999996,0.9999999999999996,0.6075137178327691,-3.144409289092482,-3.144409289092482,0.0,0.0,0.2523914111753475,0.9497018015390943,0.0,0.0,True
random,0.1,syn-83d001aa79529011,class-0-00001,random,train,0,0.30107448785896784,state_local_physics,spectral_norm_normalized,interaction,0.1,7101,1.0,1.0,0.999539209591294,0.9995392095912938,0.9995392095912938,0.6064982387358779,-3.143127322710833,-3.144409289092482,0.0012819663816490134,0.0012819663816490134,0.25132691847225713,0.9497018015390944,-0.0010644927030903917,1.1102230246251565e-16,True
random,0.2,syn-0b748ba0a9511232,class-0-00001,random,train,0,0.30107448785896784,state_local_physics,spectral_norm_normalized,interaction,-0.2,7102,0.9999999999999998,0.9999999999999996,0.9981625860755241,0.9981625860755241,0.9981625860755241,0.6034668289972758,-3.1392984890376328,-3.144409289092482,0.005110800054849207,0.005110800054849207,0.24814761083610828,0.9497018015390941,-0.00424380033923924,-2.220446049250313e-16,True
random,0.4,syn-15ec85dbfe92f0ef,class-0-00001,random,train,0,0.30107448785896784,state_local_physics,spectral_norm_normalized,interaction,-0.4,7103,0.9999999999999998,0.9999999999999996,0.9927414597420239,0.9929171352877726,0.9929171352877726,0.5915639661841929,-3.124236920024075,-3.144409289092482,0.020172369068407026,0.020172369068407026,0.23564109698245578,0.9497018015390943,-0.016750314192891747,0.0,True
random,0.8,syn-d5f8d6ea5d795b61,class-0-00001,random,train,0,0.30107448785896784,state_local_physics,spectral_norm_normalized,interaction,-0.8,7104,0.9999999999999998,0.9999999999999996,0.9723708380729219,0.9749327009635216,0.9749327009635216,0.547356010872029,-3.067914006297493,-3.144409289092482,0.07649528279498918,0.07649528279498918,0.18887284195102522,0.9497018015390942,-0.06351856922432231,-1.1102230246251565e-16,True
random,0.0,syn-8805a499ad46a624,class-0-00005,random,train,0,0.7858137887640019,state_local_physics,spectral_norm_normalized,field,0.0,17000,1.0,1.0,1.0,0.9999999999999998,0.9999999999999998,0.9510700906844103,-4.105256546633768,-4.105256546633768,0.0,0.0,0.705833876573297,0.6569085351129287,0.0,0.0,True
random,0.1,syn-b20ec4d48f8dc5f4,class-0-00005,random,train,0,0.7858137887640019,state_local_physics,spectral_norm_normalized,field,-0.1,17001,0.9999999999999999,0.9999999999999998,0.9977760050721116,0.9977760050721121,0.9977760050721121,0.9495369775858066,-4.097856550684022,-4.105256546633768,0.007399995949746163,0.007399995949746163,0.7058338765732969,0.6554845043315881,-1.1102230246251565e-16,-0.0014240307813405684,False
random,0.2,syn-0436df9bcb6cc89c,class-0-00005,random,train,0,0.7858137887640019,state_local_physics,spectral_norm_normalized,field,-0.2,17002,0.9999999999999997,0.9999999999999993,0.9911326162874174,0.9911326162874174,0.9911326162874174,0.9449560779267475,-4.075730501148197,-4.105256546633768,0.029526045485571473,0.029526045485571473,0.7058338765732968,0.6512266404324117,-2.220446049250313e-16,-0.005681894680516941,False
random,0.4,syn-eaf7b8644c8124c0,class-0-00005,random,train,0,0.7858137887640019,state_local_physics,spectral_norm_normalized,field,-0.4,17003,0.9999999999999998,0.9999999999999996,0.9649836978105502,0.9649836978105506,0.9649836978105506,0.9269066124609819,-3.988329474950171,-4.105256546633768,0.11692707168359728,0.11692707168359728,0.7058338765732968,0.6344074756015188,-2.220446049250313e-16,-0.022501059511409904,False
random,0.8,syn-93c6941bd59026ba,class-0-00005,random,train,0,0.7858137887640019,state_local_physics,spectral_norm_normalized,field,0.8,17004,0.9999999999999999,0.9999999999999998,0.8669198493692128,0.8669198493692128,0.8669198493692128,0.8589443514787465,-3.6560084735250924,-4.105256546633768,0.44924807310867587,0.44924807310867587,0.7058338765732969,0.5704567196107142,-1.1102230246251565e-16,-0.08645181550221448,False
random,0.0,syn-67d86d21f551d301,class-0-00005,random,train,0,0.7858137887640019,state_local_physics,spectral_norm_normalized,interaction,0.0,17100,1.0,1.0,1.0,0.9999999999999998,0.9999999999999998,0.9510700906844103,-4.105256546633768,-4.105256546633768,0.0,0.0,0.705833876573297,0.6569085351129287,0.0,0.0,True
random,0.1,syn-7057876b77bbb1d3,class-0-00005,random,train,0,0.7858137887640019,state_local_physics,spectral_norm_normalized,interaction,0.1,17101,1.0,1.0,0.9975591195294237,0.9975591195294237,0.9975591195294237,0.9483845134570873,-4.097135207759392,-4.105256546633768,0.008121338874376605,0.008121338874376605,0.7032501414090314,0.6569085351129286,-0.002583735164265577,-1.1102230246251565e-16,False
random,0.2,syn-ba76b018be9d1c96,class-0-00005,random,train,0,0.7858137887640019,state_local_physics,spectral_norm_normalized,interaction,-0.2,17102,1.0000000000000002,1.0000000000000004,0.9902748452115316,0.9902748452115316,0.9902748452115316,0.9403718614767156,-4.0728793019893486,-4.105256546633768,0.03237724464441971,0.03237724464441971,0.6955333304683011,0.6569085351129289,-0.010300546104995867,2.220446049250313e-16,True
random,0.4,syn-6b7f9c597351b1ac,class-0-00005,random,train,0,0.7858137887640019,state_local_physics,spectral_norm_normalized,interaction,0.4,17103,1.0,1.0,0.9617059698809055,0.9617059698809053,0.9617059698809053,0.9089738054251786,-3.977463300688701,-4.105256546633768,0.12779324594506747,0.12779324594506747,0.6651775379558261,0.6569085351129288,-0.040656338617470866,1.1102230246251565e-16,True
random,0.8,syn-c2dbe3cfee9b4e8e,class-0-00005,random,train,0,0.7858137887640019,state_local_physics,spectral_norm_normalized,interaction,0.8,17104,1.0,1.0,0.8560785664409472,0.856764911821527,0.856764911821527,0.7932966254489927,-3.620654046317248,-4.105256546633768,0.4846025003165204,0.4846025003165204,0.5516616963298238,0.6569085351129287,-0.15417218024347323,0.0,True
random,0.0,syn-80885174bbf9a786,class-0-00013,random,train,0,0.6117554672807776,state_local_physics,spectral_norm_normalized,field,0.0,27000,1.0,1.0,1.0,0.9999999999999998,0.9999999999999998,0.8718428539494203,-3.6579653882553336,-3.6579653882553336,0.0,0.0,0.5706907168890087,0.7687956773531943,0.0,0.0,True
random,0.1,syn-20c6eee31b1de843,class-0-00013,random,train,0,0.6117554672807776,state_local_physics,spectral_norm_normalized,field,0.1,27001,0.9999999999999994,0.9999999999999989,0.9972502975764894,0.9972502975764892,0.9972502975764892,0.8701840099929165,-3.649953499646487,-3.6579653882553336,0.008011888608846718,0.008011888608846718,0.5706907168890085,0.7671307003561527,-2.220446049250313e-16,-0.0016649769970416006,True
random,0.2,syn-25893a4cb493fdf5,class-0-00013,random,train,0,0.6117554672807776,state_local_physics,spectral_norm_normalized,field,-0.2,27002,0.9999999999999996,0.9999999999999991,0.9890392301290538,0.9890392301290536,0.9890392301290536,0.8652280711695985,-3.625997885962553,-3.6579653882553336,0.03196750229278056,0.03196750229278056,0.5706907168890083,0.7621524052648161,-4.440892098500626e-16,-0.006643272088378227,True
random,0.4,syn-f4d541efa4a7139e,class-0-00013,random,train,0,0.6117554672807776,state_local_physics,spectral_norm_normalized,field,-0.4,27003,0.9999999999999996,0.9999999999999991,0.9567591720634748,0.9568725449749078,0.9568725449749078,0.845710293925604,-3.531369822521342,-3.6579653882553336,0.12659556573399167,0.12659556573399167,0.5706907168890085,0.7424874352937888,-2.220446049250313e-16,-0.026308242059405518,True
random,0.8,syn-b18dd5cc40ddabcc,class-0-00013,random,train,0,0.6117554672807776,state_local_physics,spectral_norm_normalized,field,-0.8,27004,0.9999999999999997,0.9999999999999993,0.8362779983082812,0.8372054764148612,0.8372054764148612,0.7723566836027511,-3.1715697815647372,-3.6579653882553336,0.48639560669059634,0.48639560669059634,0.5706907168890087,0.6677162020709748,0.0,-0.1010794752822195,True
random,0.0,syn-cc9c235b189a87cb,class-0-00013,random,train,0,0.6117554672807776,state_local_physics,spectral_norm_normalized,interaction,0.0,27100,1.0,1.0,1.0,0.9999999999999998,0.9999999999999998,0.8718428539494203,-3.6579653882553336,-3.6579653882553336,0.0,0.0,0.5706907168890087,0.7687956773531943,0.0,0.0,True
random,0.1,syn-6cafae66cc8d6176,class-0-00013,random,train,0,0.6117554672807776,state_local_physics,spectral_norm_normalized,interaction,0.1,27101,0.9999999999999999,0.9999999999999998,0.9981707046624028,0.998170704662403,0.998170704662403,0.8695805315292058,-3.6526363666457895,-3.6579653882553336,0.005329021609544071,0.005329021609544071,0.5685129588244869,0.7687956773531943,-0.0021777580645218064,0.0,True
random,0.2,syn-fa8297ca1de46916,class-0-00013,random,train,0,0.6117554672807776,state_local_physics,spectral_norm_normalized,interaction,0.2,27102,0.9999999999999999,0.9999999999999998,0.9927098891819497,0.9927098891819499,0.9927098891819499,0.862829873776945,-3.636720241483786,-3.6579653882553336,0.021245146771547763,0.021245146771547763,0.5620086748363317,0.7687956773531942,-0.008682042052677086,-1.1102230246251565e-16,True
random,0.4,syn-b1a00e1972164aee,class-0-00013,random,train,0,0.6117554672807776,state_local_physics,spectral_norm_normalized,interaction,-0.4,27103,1.0,1.0,0.971267808776634,0.9712678087766338,0.9712678087766338,0.8363649067070544,-3.5741106224674346,-3.6579653882553336,0.08385476578789897,0.08385476578789897,0.5364226268298264,0.7687956773531943,-0.0342680900591823,0.0,True
random,0.8,syn-0f8d53b06af982bc,class-0-00013,random,train,0,0.6117554672807776,state_local_physics,spectral_norm_normalized,interaction,0.8,27104,0.9999999999999999,0.9999999999999998,0.8916211239028011,0.8916211239028011,0.8916211239028011,0.7386829306458608,-3.3399812188748976,-3.6579653882553336,0.31798416938043594,0.31798416938043594,0.4407433006469194,0.7687956773531943,-0.12994741624208933,0.0,True
random,0.0,syn-b5057fddc813b682,class-0-00046,random,train,0,0.6265761910988407,state_local_physics,spectral_norm_normalized,field,0.0,37000,1.0,1.0,1.0,1.0,1.0,0.8808210406070138,-3.6921976373813252,-3.6921976373813252,0.0,0.0,0.5841309914068789,0.7586462182022173,0.0,0.0,True
random,0.1,syn-43dafdf4569aa390,class-0-00046,random,train,0,0.6265761910988407,state_local_physics,spectral_norm_normalized,field,-0.1,37001,1.0,1.0,0.9972887001872662,0.9972887001872665,0.9972887001872665,0.8791687677142863,-3.6842241279503667,-3.6921976373813252,0.007973509430958536,0.007973509430958536,0.5841309914068789,0.7570005644869373,0.0,-0.0016456537152800266,True
random,0.2,syn-f96a7f7ab89b49dc,class-0-00046,random,train,0,0.6265761910988407,state_local_physics,spectral_norm_normalized,field,0.2,37002,1.0000000000000002,1.0000000000000004,0.9891920540275224,0.9891920540275226,0.9891920540275226,0.8742323990767354,-3.6603832683280335,-3.6921976373813252,0.03181436905329171,0.03181436905329171,0.5841309914068787,0.7520800461690399,-1.1102230246251565e-16,-0.006566172033177442,True
random,0.4,syn-ca78a630ba1dbec9,class-0-00046,random,train,0,0.6265761910988407,state_local_physics,spectral_norm_normalized,field,-0.4,37003,0.9999999999999999,0.9999999999999998,0.957358073414249,0.957358073414249,0.957358073414249,0.8547907934248177,-3.5662084996662644,-3.6921976373813252,0.12598913771506082,0.12598913771506082,0.5841309914068789,0.7326433026277157,0.0,-0.02600291557450163,True
random,0.8,syn-81a2c898cb44b24f,class-0-00046,random,train,0,0.6265761910988407,state_local_physics,spectral_norm_normalized,field,-0.8,37004,1.0,1.0,0.8384869914621531,0.8384869914621531,0.8384869914621531,0.7817102923014602,-3.2081320011164025,-3.6921976373813252,0.4840656362649227,0.4840656362649227,0.5841309914068789,0.6587398445211672,0.0,-0.09990637368105015,True
random,0.0,syn-63b0d32507ea5072,class-0-00046,random,train,0,0.6265761910988407,state_local_physics,spectral_norm_normalized,interaction,0.0,37100,1.0,1.0,1.0,1.0,1.0,0.8808210406070138,-3.6921976373813252,-3.6921976373813252,0.0,0.0,0.5841309914068789,0.7586462182022173,0.0,0.0,True
random,0.1,syn-12cbd58eb9d35a41,class-0-00046,random,train,0,0.6265761910988407,state_local_physics,spectral_norm_normalized,interaction,-0.1,37101,1.0000000000000004,1.0000000000000009,0.998107826462464,0.998107826462464,0.998107826462464,0.8785131030857392,-3.686634059792458,-3.6921976373813252,0.0055635775888673855,0.0055635775888673855,0.5819111585805185,0.7586462182022176,-0.0022198328263604017,2.220446049250313e-16,True
random,0.2,syn-8698fa0fe69a9b49,class-0-00046,random,train,0,0.6265761910988407,state_local_physics,spectral_norm_normalized,interaction,-0.2,37102,1.0000000000000002,1.0000000000000004,0.9924594808138845,0.9924594808138847,0.9924594808138847,0.8716264191054393,-3.6700173890898364,-3.6921976373813252,0.02218024829148879,0.02218024829148879,0.5752812104039529,0.7586462182022174,-0.008849781002925994,1.1102230246251565e-16,True
random,0.4,syn-6c8da536f4166172,class-0-00046,random,train,0,0.6265761910988407,state_local_physics,spectral_norm_normalized,interaction,0.4,37103,1.0000000000000002,1.0000000000000004,0.9702836180204606,0.9705920052884196,0.9705920052884196,0.8446294600239737,-3.6046520183465254,-3.6921976373813252,0.08754561903479985,0.08754561903479985,0.5492008343571555,0.7586462182022174,-0.034930157049723354,1.1102230246251565e-16,True
random,0.8,syn-a95e7cdbf7b9b830,class-0-00046,random,train,0,0.6265761910988407,state_local_physics,spectral_norm_normalized,interaction,-0.8,37104,1.0,1.0,0.8879493533826716,0.8896170554827795,0.8896170554827795,0.7450028054002431,-3.3602174488957934,-3.6921976373813252,0.3319801884855318,0.3319801884855318,0.45167296267803,0.7586462182022174,-0.13245802872884888,1.1102230246251565e-16,True
random,0.0,syn-6bcf232ec571a323,class-0-00066,random,train,0,0.20632229748232556,state_local_physics,spectral_norm_normalized,field,0.0,47000,0.9999999999999998,0.9999999999999996,0.9999999999999996,0.9999999999999993,0.9999999999999993,0.5221072283279717,-3.065813116547379,-3.065813116547379,0.0,0.0,0.16403882273487674,0.9781431403796608,0.0,0.0,True
random,0.1,syn-55b4d28dfe4af58b,class-0-00066,random,train,0,0.20632229748232556,state_local_physics,spectral_norm_normalized,field,0.1,47001,0.9999999999999994,0.9999999999999989,0.9973030694204007,0.9973030694204005,0.9973030694204005,0.5207239649935531,-3.0580685243625374,-3.065813116547379,0.007744592184841803,0.007744592184841803,0.1640388227348768,0.9762541099620053,5.551115123125783e-17,-0.001889030417655424,True
random,0.2,syn-1e6f9a1f47e81b55,class-0-00066,random,train,0,0.20632229748232556,state_local_physics,spectral_norm_normalized,field,-0.2,47002,0.9999999999999992,0.9999999999999984,0.9892574735351507,0.9892574735351507,0.9892574735351507,0.516593277224793,-3.034912129213103,-3.065813116547379,0.030900987334276042,0.030900987334276042,0.16403882273487674,0.9706058932765432,0.0,-0.007537247103117539,True
random,0.4,syn-f02fdc8f1dedc010,class-0-00066,random,train,0,0.20632229748232556,state_local_physics,spectral_norm_normalized,field,-0.4,47003,0.9999999999999993,0.9999999999999987,0.9577436356817545,0.9577436356817545,0.9577436356817545,0.5003538608316862,-2.943441092061591,-3.065813116547379,0.12237202448578799,0.12237202448578799,0.16403882273487674,0.948294638224035,0.0,-0.029848502155625734,True
random,0.8,syn-db5419464a86c48b,class-0-00066,random,train,0,0.20632229748232556,state_local_physics,spectral_norm_normalized,field,0.8,47004,0.9999999999999994,0.9999999999999989,0.8418162604365139,0.8418162604365141,0.8418162604365141,0.43973500887078293,-2.5956448705537554,-3.065813116547379,0.47016824599362383,0.47016824599362383,0.16403882273487685,0.8634615539384949,1.1102230246251565e-16,-0.11468158644116588,True
random,0.0,syn-e07a452c94f105e1,class-0-00066,random,train,0,0.20632229748232556,state_local_physics,spectral_norm_normalized,interaction,0.0,47100,0.9999999999999998,0.9999999999999996,0.9999999999999996,0.9999999999999993,0.9999999999999993,0.5221072283279717,-3.065813116547379,-3.065813116547379,0.0,0.0,0.16403882273487674,0.9781431403796608,0.0,0.0,True
random,0.1,syn-d2bc0939786ae996,class-0-00066,random,train,0,0.20632229748232556,state_local_physics,spectral_norm_normalized,interaction,-0.1,47101,1.0,1.0,0.9997958168872614,0.9997958168872614,0.9997958168872614,0.5214708120708262,-3.065227183836468,-3.065813116547379,0.00058593271091123,0.00058593271091123,0.1633288501361056,0.9781431403796609,-0.0007099725987711469,1.1102230246251565e-16,False
random,0.2,syn-7fd1c3b32a088ce2,class-0-00066,random,train,0,0.20632229748232556,state_local_physics,spectral_norm_normalized,interaction,-0.2,47102,0.9999999999999998,0.9999999999999996,0.9991856776647164,0.9991856776647167,0.9991856776647167,0.5195705821856216,-3.0634771856103984,-3.065813116547379,0.0023359309369808123,0.0023359309369808123,0.1612083834591838,0.9781431403796607,-0.002830439275692931,-1.1102230246251565e-16,False
random,0.4,syn-a1d8c4c397833ba2,class-0-00066,random,train,0,0.20632229748232556,state_local_physics,spectral_norm_normalized,interaction,-0.4,47103,1.0,1.0,0.9967809465143165,0.9967809465143165,0.9967809465143165,0.5121034542256676,-3.056593178284606,-3.065813116547379,0.00921993826277312,0.00921993826277312,0.1528670560677727,0.9781431403796609,-0.011171766667104038,1.1102230246251565e-16,False
random,0.8,syn-2abcba9919d86a8c,class-0-00066,random,train,0,0.20632229748232556,state_local_physics,spectral_norm_normalized,interaction,0.8,47104,0.9999999999999998,0.9999999999999996,0.9877151810962976,0.9877151810962976,0.9877151810962976,0.48428441025163915,-3.030850352264636,-3.065813116547379,0.03496276428274303,0.03496276428274303,0.12167456459436013,0.9781431403796608,-0.042364258140516614,0.0,False
random,0.0,syn-e7ef7b7abd7481dc,class-0-00068,random,train,0,0.2883117288059418,state_local_physics,spectral_norm_normalized,field,0.0,57000,1.0000000000000009,1.0000000000000018,1.0000000000000018,1.0000000000000018,1.0000000000000018,0.5955973985809135,-3.1318438475979535,-3.1318438475979535,0.0,0.0,0.23990722604575992,0.9543586949706668,0.0,0.0,True
random,0.1,syn-b94ded448e4663f3,class-0-00068,random,train,0,0.2883117288059418,state_local_physics,spectral_norm_normalized,field,0.1,57001,1.0000000000000004,1.0000000000000009,0.9971621124889868,0.9971621124889868,0.9971621124889868,0.5941009913283165,-3.1239147696467504,-3.1318438475979535,0.007929077951203123,0.007929077951203123,0.23990722604575979,0.9524685236590054,-1.3877787807814457e-16,-0.0018901713116614705,True
random,0.2,syn-77deca83ed306973,class-0-00068,random,train,0,0.2883117288059418,state_local_physics,spectral_norm_normalized,field,0.2,57002,1.0000000000000004,1.0000000000000009,0.9886944392893576,0.9886944392893579,0.9886944392893579,0.5896319125633586,-3.1002067605190278,-3.1318438475979535,0.03163708707892576,0.03163708707892576,0.23990722604575984,0.9468168956909598,-8.326672684688674e-17,-0.0075417992797069955,True
random,0.4,syn-b060f174be41238e,class-0-00068,random,train,0,0.2883117288059418,state_local_physics,spectral_norm_normalized,field,0.4,57003,1.0000000000000004,1.0000000000000009,0.9555043259257316,0.9555043259257316,0.9555043259257316,0.5720544889153991,-3.0065567701074905,-3.1318438475979535,0.12528707749046308,0.12528707749046308,0.23990722604575992,0.9244921655895981,0.0,-0.029866529381068707,True
random,0.8,syn-c16087923f242254,class-0-00068,random,train,0,0.2883117288059418,state_local_physics,spectral_norm_normalized,field,0.8,57004,1.0000000000000007,1.0000000000000013,0.8330720353245076,0.833742215946153,0.833742215946153,0.506329032310154,-2.6504756123588673,-3.1318438475979535,0.48136823523908623,0.48136823523908623,0.23990722604575998,0.8396078457302436,5.551115123125783e-17,-0.11475084924042322,True
random,0.0,syn-83ff06c54584806b,class-0-00068,random,train,0,0.2883117288059418,state_local_physics,spectral_norm_normalized,interaction,0.0,57100,1.0000000000000009,1.0000000000000018,1.0000000000000018,1.0000000000000018,1.0000000000000018,0.5955973985809135,-3.1318438475979535,-3.1318438475979535,0.0,0.0,0.23990722604575992,0.9543586949706668,0.0,0.0,True
random,0.1,syn-cbc873c1f318f391,class-0-00068,random,train,0,0.2883117288059418,state_local_physics,spectral_norm_normalized,interaction,0.1,57101,1.0000000000000009,1.0000000000000018,0.99958049555682,0.99958049555682,0.99958049555682,0.5946354106816168,-3.1306724504344188,-3.1318438475979535,0.0011713971635347598,0.0011713971635347598,0.23889148765698007,0.9543586949706672,-0.0010157383887798577,3.3306690738754696e-16,True
random,0.2,syn-df54814f394afec9,class-0-00068,random,train,0,0.2883117288059418,state_local_physics,spectral_norm_normalized,interaction,-0.2,57102,1.0000000000000009,1.0000000000000018,0.9983271742957123,0.998327174295712,0.998327174295712,0.5917636097006859,-3.1271738525237165,-3.1318438475979535,0.004669995074237043,0.004669995074237043,0.23585779394879217,0.9543586949706669,-0.004049432096967759,1.1102230246251565e-16,True
random,0.4,syn-f68d31e0d5ec36ab,class-0-00068,random,train,0,0.2883117288059418,state_local_physics,spectral_norm_normalized,interaction,-0.4,57103,1.000000000000001,1.0000000000000022,0.9933910130463726,0.9933910130463723,0.9933910130463723,0.5804863776655745,-3.1134113393459897,-3.1318438475979535,0.018432508251963853,0.018432508251963853,0.2239240848739605,0.954358694970667,-0.015983141171799414,2.220446049250313e-16,True
random,0.8,syn-9e344f1163461e99,class-0-00068,random,train,0,0.2883117288059418,state_local_physics,spectral_norm_normalized,interaction,-0.8,57104,1.0000000000000009,1.0000000000000018,0.974833892832042,0.9772457972520493,0.9772457972520493,0.5385863148648079,-3.0619462601319762,-3.1318438475979535,0.0698975874659773,0.0698975874659773,0.179297840021593,0.9543586949706669,-0.060609386024166934,1.1102230246251565e-16,True
random,0.0,syn-c334d3cfea04c73a,class-0-00081,random,train,0,0.23832256910773994,state_local_physics,spectral_norm_normalized,field,0.0,67000,1.0000000000000002,1.0000000000000004,1.0000000000000004,1.0000000000000004,1.0000000000000004,0.550050826181492,-3.0886350941033616,-3.0886350941033616,0.0,0.0,0.19274361146812563,0.9700811657916153,0.0,0.0,True
random,0.1,syn-638a8a9d17495916,class-0-00081,random,train,0,0.23832256910773994,state_local_physics,spectral_norm_normalized,field,-0.1,67001,0.9999999999999998,0.9999999999999996,0.9972479216293181,0.9972479216293183,0.9972479216293183,0.5486220219967282,-3.0808196527968956,-3.0886350941033616,0.007815441306465942,0.007815441306465942,0.19274361146812563,0.9681902693754962,0.0,-0.001890896416119059,True
random,0.2,syn-18d79757c1e3dd3b,class-0-00081,random,train,0,0.23832256910773994,state_local_physics,spectral_norm_normalized,field,-0.2,67002,0.9999999999999997,0.9999999999999993,0.9890372449953124,0.9890372449953124,0.9890372449953124,0.5443551393754467,-3.0574514181835957,-3.0886350941033616,0.031183675919765896,0.031183675919765896,0.19274361146812558,0.9625364733390834,-5.551115123125783e-17,-0.007544692452531865,True
random,0.4,syn-a7c52cb3691809d5,class-0-00081,random,train,0,0.23832256910773994,state_local_physics,spectral_norm_normalized,field,-0.4,67003,0.9999999999999998,0.9999999999999996,0.9568685542756388,0.9569164009147032,0.9569164009147032,0.5275773335676535,-2.965143585177447,-3.0886350941033616,0.12349150892591476,0.12349150892591476,0.19274361146812563,0.9402031790609183,0.0,-0.02987798673069697,True
random,0.8,syn-3eda119517c92e6f,class-0-00081,random,train,0,0.23832256910773994,state_local_physics,spectral_norm_normalized,field,0.8,67004,0.9999999999999999,0.9999999999999998,0.8384110380729203,0.8393736601709623,0.8393736601709623,0.4649055524325936,-2.614165652327095,-3.0886350941033616,0.4744694417762667,0.4744694417762667,0.1927436114681257,0.8552862960162607,5.551115123125783e-17,-0.11479486977535458,True
random,0.0,syn-a5adf9858438b122,class-0-00081,random,train,0,0.23832256910773994,state_local_physics,spectral_norm_normalized,interaction,0.0,67100,1.0000000000000002,1.0000000000000004,1.0000000000000004,1.0000000000000004,1.0000000000000004,0.550050826181492,-3.0886350941033616,-3.0886350941033616,0.0,0.0,0.19274361146812563,0.9700811657916153,0.0,0.0,True
random,0.1,syn-d96ab889f1048e6c,class-0-00081,random,train,0,0.23832256910773994,state_local_physics,spectral_norm_normalized,interaction,-0.1,67101,1.0000000000000004,1.0000000000000009,0.9997220070694504,0.9997220070694501,0.9997220070694501,0.5492915239353923,-3.087846160036276,-3.0886350941033616,0.0007889340670854672,0.0007889340670854672,0.19191602087311874,0.9700811657916153,-0.000827590595006894,0.0,True
random,0.2,syn-947e65e4b9a810a0,class-0-00081,random,train,0,0.23832256910773994,state_local_physics,spectral_norm_normalized,interaction,0.2,67102,1.0000000000000002,1.0000000000000004,0.9988913683692139,0.9988913683692137,0.9988913683692137,0.5470245509305556,-3.0854898600854894,-3.0886350941033616,0.003145234017872145,0.003145234017872145,0.18944426593231783,0.9700811657916151,-0.003299345535807796,-2.220446049250313e-16,True
random,0.4,syn-2965dc80dc7b1104,class-0-00081,random,train,0,0.23832256910773994,state_local_physics,spectral_norm_normalized,interaction,0.4,67103,1.0,1.0,0.9956184496705183,0.9957313763374325,0.9957313763374325,0.5381188149094998,-3.0762208300480074,-3.0886350941033616,0.012414264055354174,0.012414264055354174,0.1797210680075626,0.9700811657916151,-0.01302254346056303,-2.220446049250313e-16,True
random,0.8,syn-f0a25f552005318c,class-0-00081,random,train,0,0.23832256910773994,state_local_physics,spectral_norm_normalized,interaction,-0.8,67104,1.0000000000000002,1.0000000000000004,0.9832923630531192,0.9848202612632432,0.9848202612632432,0.5049773478528496,-3.0415591836644,-3.0886350941033616,0.04707591043896153,0.04707591043896153,0.1433610554903077,0.9700811657916152,-0.04938255597781793,-1.1102230246251565e-16,False
random,0.0,syn-85af1e185df7c8be,class-0-00125,random,train,0,0.2265828901251097,state_local_physics,spectral_norm_normalized,field,0.0,77000,1.0000000000000002,1.0000000000000004,1.0000000000000004,1.0000000000000004,1.0000000000000004,0.5396761465051352,-3.079835116686512,-3.079835116686512,0.0,0.0,0.1820788460902527,0.973213132561318,0.0,0.0,True
random,0.1,syn-31feb2676e65c012,class-0-00125,random,train,0,0.2265828901251097,state_local_physics,spectral_norm_normalized,field,0.1,77001,0.9999999999999996,0.9999999999999991,0.9972683503630235,0.9972683503630233,0.9972683503630233,0.5382639002374469,-3.0720460693562144,-3.079835116686512,0.007789047330297727,0.007789047330297727,0.18207884609025266,0.9713227594601986,-5.551115123125783e-17,-0.0018903731011193914,True
random,0.2,syn-0b841fc248c070fa,class-0-00125,random,train,0,0.2265828901251097,state_local_physics,spectral_norm_normalized,field,0.2,77002,0.9999999999999996,0.9999999999999991,0.9891188317921954,0.9891188317921954,0.9891188317921954,0.5340465369656532,-3.0487567529515345,-3.079835116686512,0.031078363734977632,0.031078363734977632,0.18207884609025263,0.9656705281399942,-8.326672684688674e-17,-0.0075426044213238175,True
random,0.4,syn-d9bdb2d38a12b61d,class-0-00125,random,train,0,0.2265828901251097,state_local_physics,spectral_norm_normalized,field,0.4,77003,0.9999999999999999,0.9999999999999998,0.9571928374044567,0.9572113382628101,0.9572113382628101,0.5174645013571924,-2.956760658035274,-3.079835116686512,0.12307445865123823,0.12307445865123823,0.1820788460902527,0.9433434147122387,0.0,-0.029869717849079325,True
random,0.8,syn-d955c6f28208b53f,class-0-00125,random,train,0,0.2265828901251097,state_local_physics,spectral_norm_normalized,field,0.8,77004,0.9999999999999996,0.9999999999999991,0.8396743366077061,0.8404530436918823,0.8404530436918823,0.4555394454691461,-2.606968032940687,-3.079835116686512,0.4728670837458253,0.4728670837458253,0.18207884609025274,0.858450032837843,2.7755575615628914e-17,-0.11476309972347498,True
random,0.0,syn-4ffbc436f681b45f,class-0-00125,random,train,0,0.2265828901251097,state_local_physics,spectral_norm_normalized,interaction,0.0,77100,1.0000000000000002,1.0000000000000004,1.0000000000000004,1.0000000000000004,1.0000000000000004,0.5396761465051352,-3.079835116686512,-3.079835116686512,0.0,0.0,0.1820788460902527,0.973213132561318,0.0,0.0,True
random,0.1,syn-e7a8ecf3932720a6,class-0-00125,random,train,0,0.2265828901251097,state_local_physics,spectral_norm_normalized,interaction,-0.1,77101,1.0000000000000002,1.0000000000000004,0.9997505821528612,0.999750582152861,0.999750582152861,0.5389626051087821,-3.079124401775773,-3.079835116686512,0.000710714910739263,0.000710714910739263,0.1812946795206289,0.9732131325613183,-0.0007841665696238231,2.220446049250313e-16,True
random,0.2,syn-1b4d3f631c7da843,class-0-00125,random,train,0,0.2265828901251097,state_local_physics,spectral_norm_normalized,interaction,-0.2,77102,1.0000000000000002,1.0000000000000004,0.999005305502498,0.9990053055024978,0.9990053055024978,0.5368321974082295,-3.0770017180445652,-3.079835116686512,0.0028333986419468715,0.0028333986419468715,0.17895261859754347,0.9732131325613179,-0.0031262274927092437,-1.1102230246251565e-16,True
random,0.4,syn-2a9d2efb0a56a8d6,class-0-00125,random,train,0,0.2265828901251097,state_local_physics,spectral_norm_normalized,interaction,-0.4,77103,1.0000000000000002,1.0000000000000004,0.9960684420650024,0.9961549693760309,0.9961549693760309,0.5284620990147324,-3.0686516693769192,-3.079835116686512,0.011183447309592864,0.011183447309592864,0.16973960094312518,0.9732131325613181,-0.012339245147127531,1.1102230246251565e-16,True
random,0.8,syn-257d03e6786e1cde,class-0-00125,random,train,0,0.2265828901251097,state_local_physics,spectral_norm_normalized,interaction,0.8,77104,1.0,1.0,0.9850036634668292,0.9860887821910697,0.9860887821910697,0.4973014307645006,-3.0374265645888783,-3.079835116686512,0.042408552097633834,0.042408552097633834,0.13528741352200224,0.9732131325613179,-0.04679143256825047,-1.1102230246251565e-16,False
random,0.0,syn-9bae28ae289c18f0,class-0-00138,random,train,0,0.43370360156345455,state_local_physics,spectral_norm_normalized,field,0.0,87000,0.9999999999999999,0.9999999999999998,0.9999999999999998,0.9999999999999996,0.9999999999999996,0.7323814181226062,-3.314295398113546,-3.314295398113546,0.0,0.0,0.38990200943256326,0.8857095414051075,0.0,0.0,True
random,0.1,syn-8b0fa6ea36decea0,class-0-00138,random,train,0,0.43370360156345455,state_local_physics,spectral_norm_normalized,field,0.1,87001,0.9999999999999996,0.9999999999999991,0.9970159618898244,0.9970159618898247,0.9970159618898247,0.730739361832136,-3.30612530736555,-3.314295398113546,0.008170090747996017,0.008170090747996017,0.38990200943256303,0.8838672525636114,-2.220446049250313e-16,-0.0018422888414960648,True
random,0.2,syn-ab83d54826a5a81f,class-0-00138,random,train,0,0.43370360156345455,state_local_physics,spectral_norm_normalized,field,0.2,87002,0.9999999999999994,0.9999999999999989,0.9881089084723286,0.9881089084723286,0.9881089084723286,0.7258344268296665,-3.2816966679676445,-3.314295398113546,0.032598730145901644,0.032598730145901644,0.38990200943256303,0.8783587935802485,-2.220446049250313e-16,-0.007350747824859005,True
random,0.4,syn-742562703869a45e,class-0-00138,random,train,0,0.43370360156345455,state_local_physics,spectral_norm_normalized,field,-0.4,87003,0.9999999999999996,0.9999999999999991,0.9531481791447514,0.9531481791447514,0.9531481791447514,0.7065299697805952,-3.1852000860296217,-3.314295398113546,0.12909531208392444,0.12909531208392444,0.38990200943256303,0.8565996012248234,-2.220446049250313e-16,-0.029109940180284122,True
random,0.8,syn-34e2c003a3198cfe,class-0-00138,random,train,0,0.43370360156345455,state_local_physics,spectral_norm_normalized,field,0.8,87004,0.9999999999999997,0.9999999999999993,0.8234735508592702,0.8234735508592702,0.8234735508592702,0.6341600897029688,-2.8182954610074393,-3.314295398113546,0.4959999371061068,0.4959999371061068,0.38990200943256326,0.7738656001689065,0.0,-0.111843941236201,True
random,0.0,syn-cf4f1868ff457e96,class-0-00138,random,train,0,0.43370360156345455,state_local_physics,spectral_norm_normalized,interaction,0.0,87100,0.9999999999999999,0.9999999999999998,0.9999999999999998,0.9999999999999996,0.9999999999999996,0.7323814181226062,-3.314295398113546,-3.314295398113546,0.0,0.0,0.38990200943256326,0.8857095414051075,0.0,0.0,True
random,0.1,syn-87bc0fdb699915ec,class-0-00138,random,train,0,0.43370360156345455,state_local_physics,spectral_norm_normalized,interaction,0.1,87101,0.9999999999999999,0.9999999999999998,0.9990020118530343,0.9990020118530343,0.9990020118530343,0.7307936302115773,-3.311564095641631,-3.314295398113546,0.002731302471915331,0.002731302471915331,0.3883276032816404,0.8857095414051076,-0.001574406150922858,1.1102230246251565e-16,True
random,0.2,syn-81758df31c4078d0,class-0-00138,random,train,0,0.43370360156345455,state_local_physics,spectral_norm_normalized,interaction,-0.2,87102,1.0,1.0,0.9960215408381129,0.9960215408381131,0.9960215408381131,0.7260548117765956,-3.3034065471865004,-3.314295398113546,0.010888850927045723,0.010888850927045723,0.3836253432440691,0.8857095414051075,-0.006276666188494151,0.0,True
random,0.4,syn-b0d75ec75513fc32,class-0-00138,random,train,0,0.43370360156345455,state_local_physics,spectral_norm_normalized,interaction,-0.4,87103,1.0,1.0,0.9842998467330069,0.9842998467330069,0.9842998467330069,0.7074631790506669,-3.2713170156149305,-3.314295398113546,0.04297838249861563,0.04297838249861563,0.36512795732434716,0.8857095414051077,-0.024774052108216094,2.220446049250313e-16,True
random,0.8,syn-09c908a6868b95a5,class-0-00138,random,train,0,0.43370360156345455,state_local_physics,spectral_norm_normalized,interaction,0.8,87104,0.9999999999999998,0.9999999999999996,0.9404809405209733,0.9413527855317336,0.9413527855317336,0.6386383904475815,-3.1513178364719723,-3.314295398113546,0.16297756164157384,0.16297756164157384,0.29595676603704085,0.8857095414051075,-0.0939452433955224,0.0,True
random,0.0,syn-1db40a4848ffe191,class-0-00191,random,train,0,0.21113685663415124,state_local_physics,spectral_norm_normalized,field,0.0,97000,1.0000000000000002,1.0000000000000004,1.0000000000000004,1.0000000000000004,1.0000000000000004,0.5262421741535547,-3.069013053772425,-3.069013053772425,0.0,0.0,0.16828426088358012,0.977025013338916,0.0,0.0,True
random,0.1,syn-01447f91f576c5fb,class-0-00191,random,train,0,0.21113685663415124,state_local_physics,spectral_norm_normalized,field,-0.1,97001,1.0,1.0,0.9972949084883118,0.9972949084883118,0.9972949084883118,0.5248519840533968,-3.0612580529009685,-3.069013053772425,0.007755000871456641,0.007755000871456641,0.16828426088358003,0.9751356201268208,-8.326672684688674e-17,-0.0018893932120952472,True
random,0.2,syn-eb8419c68c28abca,class-0-00191,random,train,0,0.21113685663415124,state_local_physics,spectral_norm_normalized,field,-0.2,97002,1.0,1.0,0.9892248866651644,0.9892248866651648,0.9892248866651648,0.5207005816246343,-3.0380705356918476,-3.069013053772425,0.030942518080577575,0.030942518080577575,0.16828426088357998,0.9694863186829601,-1.3877787807814457e-16,-0.007538694655955913,True
random,0.4,syn-6bfe0b6730d076ab,class-0-00191,random,train,0,0.21113685663415124,state_local_physics,spectral_norm_normalized,field,-0.4,97003,1.0,1.0,0.957614201219732,0.9576606473218793,0.9576606473218793,0.5043792870420613,-2.9464765620012283,-3.069013053772425,0.12253649177119685,0.12253649177119685,0.16828426088358003,0.9471707786812992,-8.326672684688674e-17,-0.02985423465761683,True
random,0.8,syn-45875a49f9676690,class-0-00191,random,train,0,0.21113685663415124,state_local_physics,spectral_norm_normalized,field,-0.8,97004,1.0,1.0,0.8413133167547944,0.841548608781598,0.841548608781598,0.4434483505124515,-2.598212904405223,-3.069013053772425,0.47080014936720227,0.47080014936720227,0.16828426088358012,0.8623214019258032,0.0,-0.1147036114131128,True
random,0.0,syn-f93485b3a7c8e157,class-0-00191,random,train,0,0.21113685663415124,state_local_physics,spectral_norm_normalized,interaction,0.0,97100,1.0000000000000002,1.0000000000000004,1.0000000000000004,1.0000000000000004,1.0000000000000004,0.5262421741535547,-3.069013053772425,-3.069013053772425,0.0,0.0,0.16828426088358012,0.977025013338916,0.0,0.0,True
random,0.1,syn-3247d12619d5aa37,class-0-00191,random,train,0,0.21113685663415124,state_local_physics,spectral_norm_normalized,interaction,0.1,97101,1.0000000000000004,1.0000000000000009,0.9997855304699981,0.9997855304699981,0.9997855304699981,0.5255876489121953,-3.068398631692461,-3.069013053772425,0.0006144220799639832,0.0006144220799639832,0.16755674451130914,0.9770250133389163,-0.0007275163722709754,3.3306690738754696e-16,True
random,0.2,syn-359d7482f072e544,class-0-00191,random,train,0,0.21113685663415124,state_local_physics,spectral_norm_normalized,interaction,-0.2,97102,1.0000000000000002,1.0000000000000004,0.9991446599708582,0.999146426881794,0.999146426881794,0.5236333719417979,-3.0665635446082753,-3.069013053772425,0.0024495091641498767,0.0024495091641498767,0.1653838800557152,0.977025013338916,-0.0029003808278649235,0.0,True
random,0.4,syn-883a3235489e1dae,class-0-00191,random,train,0,0.21113685663415124,state_local_physics,spectral_norm_normalized,interaction,-0.4,97103,1.0000000000000004,1.0000000000000009,0.9966189045238693,0.9966819655471929,0.9966819655471929,0.5159542017735517,-3.0593448213302685,-3.069013053772425,0.009668232442156643,0.009668232442156643,0.15683643434551875,0.9770250133389161,-0.011447826538061368,1.1102230246251565e-16,False
random,0.8,syn-085d0feef52d06b4,class-0-00191,random,train,0,0.21113685663415124,state_local_physics,spectral_norm_normalized,interaction,0.8,97104,1.0000000000000002,1.0000000000000004,0.9870983007121361,0.987391706222247,0.987391706222247,0.4873501665580521,-3.032350321086814,-3.069013053772425,0.036662732685611044,0.036662732685611044,0.12487316100496063,0.9770250133389161,-0.04341109987861949,1.1102230246251565e-16,False
random,0.0,syn-d1356550ae7617f4,class-1-00015,random,train,1,1.3791584376385642,state_local_physics,spectral_norm_normalized,field,0.0,107000,1.0,1.0,1.0,1.0,1.0,0.9353008479110348,-6.065228600234819,-6.065228600234819,0.0,0.0,0.8993539746132231,0.4484201122674435,0.0,0.0,True
random,0.1,syn-168e6b80e1c38fe7,class-1-00015,random,train,1,1.3791584376385642,state_local_physics,spectral_norm_normalized,field,0.1,107001,0.9999999999999999,0.9999999999999998,0.9990753570913772,0.999075357091377,0.999075357091377,0.9339034241575905,-6.060175628946071,-6.065228600234819,0.0050529712887472655,0.0050529712887472655,0.8993539746132228,0.44759992284102346,-3.3306690738754696e-16,-0.0008201894264200371,True
random,0.2,syn-6b2e1a6a006e1bdd,class-1-00015,random,train,1,1.3791584376385642,state_local_physics,spectral_norm_normalized,field,-0.2,107002,0.9999999999999998,0.9999999999999996,0.9963117577595993,0.9963357188876192,0.9963357188876192,0.9297277522615006,-6.045067202698656,-6.065228600234819,0.020161397536162973,0.020161397536162973,0.8993539746132226,0.4451475496233936,-4.440892098500626e-16,-0.0032725626440499034,True
random,0.4,syn-a3375bc34d4f5727,class-1-00015,random,train,1,1.3791584376385642,state_local_physics,spectral_norm_normalized,field,0.4,107003,0.9999999999999999,0.9999999999999998,0.9854111310280004,0.9857856669484466,0.9857856669484466,0.9132718942392358,-5.9853867813869694,-6.065228600234819,0.07984181884784913,0.07984181884784913,0.8993539746132229,0.435460328436694,-2.220446049250313e-16,-0.012959783830749472,False
random,0.8,syn-ddef62155fcd8386,class-1-00015,random,train,1,1.3791584376385642,state_local_physics,spectral_norm_normalized,field,0.8,107004,1.0,1.0,0.9441970312479172,0.9499398504837515,0.9499398504837515,0.8512654896148608,-5.7584665924771254,-6.065228600234819,0.30676200775769313,0.30676200775769313,0.899353974613223,0.3986270418515196,-1.1102230246251565e-16,-0.0497930704159239,False
random,0.0,syn-e7da782791b2ac6f,class-1-00015,random,train,1,1.3791584376385642,state_local_physics,spectral_norm_normalized,interaction,0.0,107100,1.0,1.0,1.0,1.0,1.0,0.9353008479110348,-6.065228600234819,-6.065228600234819,0.0,0.0,0.8993539746132231,0.4484201122674435,0.0,0.0,True
random,0.1,syn-6e5f0a05fbe9b0a4,class-1-00015,random,train,1,1.3791584376385642,state_local_physics,spectral_norm_normalized,interaction,0.1,107101,1.0,1.0,0.9968748877140242,0.9968750322746383,0.9968750322746383,0.932609497485093,-6.048146863973068,-6.065228600234819,0.017081736261750358,0.017081736261750358,0.896257568900222,0.44842011226744355,-0.0030964057130010714,5.551115123125783e-17,True
random,0.2,syn-dc8061794197b901,class-1-00015,random,train,1,1.3791584376385642,state_local_physics,spectral_norm_normalized,interaction,-0.2,107102,1.0000000000000002,1.0000000000000004,0.9875528665312444,0.9875539713204043,0.9875539713204043,0.92457993188437,-5.997129046398558,-6.065228600234819,0.06809955383626054,0.06809955383626054,0.8870095709577477,0.44842011226744355,-0.0123444036554754,5.551115123125783e-17,False
random,0.4,syn-7f6e8531f3ec58ec,class-1-00015,random,train,1,1.3791584376385642,state_local_physics,spectral_norm_normalized,interaction,-0.4,107103,1.0,1.0,0.9510537533435932,0.9510585779768608,0.9510585779768608,0.8931201891385169,-5.796439111576265,-6.065228600234819,0.26878948865855357,0.26878948865855357,0.8506305137469747,0.44842011226744355,-0.04872346086624835,5.551115123125783e-17,False
random,0.8,syn-d96234173e175a70,class-1-00015,random,train,1,1.3791584376385642,state_local_physics,spectral_norm_normalized,interaction,0.8,107104,1.0,1.0,0.8170265710442214,0.8176029711143278,0.8176029711143278,0.7772843950853925,-5.0459567498373,-6.065228600234819,1.0192718503975184,1.0192718503975184,0.7145906032374973,0.4484201122674435,-0.18476337137572574,0.0,False
random,0.0,syn-fd39793b6f575f88,class-1-00018,random,train,1,1.4432934858265432,state_local_physics,spectral_norm_normalized,field,0.0,117000,0.9999999999999998,0.9999999999999996,0.9999999999999996,0.9999999999999996,0.9999999999999996,0.9276699855128642,-6.297103705408486,-6.297103705408486,0.0,0.0,0.9081578747909361,0.4368018552435398,0.0,0.0,True
random,0.1,syn-d597cb48dff029ae,class-1-00018,random,train,1,1.4432934858265432,state_local_physics,spectral_norm_normalized,field,0.1,117001,0.9999999999999996,0.9999999999999991,0.9991496324183705,0.9991496324183701,0.9991496324183701,0.926334690804334,-6.2922420781145645,-6.297103705408486,0.0048616272939217,0.0048616272939217,0.908157874790936,0.436021787225438,-1.1102230246251565e-16,-0.0007800680181018205,True
random,0.2,syn-aeaa21a9ac98e0b4,class-1-00018,random,train,1,1.4432934858265432,state_local_physics,spectral_norm_normalized,field,0.2,117002,0.9999999999999996,0.9999999999999991,0.9966079510005853,0.9966198306589664,0.9966198306589664,0.9223445764222452,-6.27770577200568,-6.297103705408486,0.019397933402806267,0.019397933402806267,0.9081578747909359,0.4336893773529135,-2.220446049250313e-16,-0.0031124778906262973,True
random,0.4,syn-2ef63db9b1ef9928,class-1-00018,random,train,1,1.4432934858265432,state_local_physics,spectral_norm_normalized,field,-0.4,117003,0.9999999999999998,0.9999999999999996,0.9865815000061158,0.9868261787675098,0.9868261787675098,0.9066186365701215,-6.22028530618832,-6.297103705408486,0.07681839922016653,0.07681839922016653,0.9081578747909362,0.4244760283525422,1.1102230246251565e-16,-0.012325826890997593,False
random,0.8,syn-e0a92e3682f79123,class-1-00018,random,train,1,1.4432934858265432,state_local_physics,spectral_norm_normalized,field,0.8,117004,0.9999999999999997,0.9999999999999993,0.9486558118157005,0.9534384776146603,0.9534384776146603,0.8473429767601545,-6.001958044681281,-6.297103705408486,0.29514566072720516,0.29514566072720516,0.908157874790936,0.38944452472528546,-1.1102230246251565e-16,-0.04735733051825436,False
random,0.0,syn-06141b7e0ec98e65,class-1-00018,random,train,1,1.4432934858265432,state_local_physics,spectral_norm_normalized,interaction,0.0,117100,0.9999999999999998,0.9999999999999996,0.9999999999999996,0.9999999999999996,0.9999999999999996,0.9276699855128642,-6.297103705408486,-6.297103705408486,0.0,0.0,0.9081578747909361,0.4368018552435398,0.0,0.0,True
random,0.1,syn-da31e73cbc789474,class-1-00018,random,train,1,1.4432934858265432,state_local_physics,spectral_norm_normalized,interaction,-0.1,117101,0.9999999999999998,0.9999999999999996,0.9968524424540613,0.9968524424540613,0.9968524424540613,0.9249787274673178,-6.279104728301645,-6.297103705408486,0.017998977106841174,0.017998977106841174,0.9050401829833457,0.4368018552435398,-0.0031176918075904725,0.0,True
random,0.2,syn-1e1f4b61c0714b8b,class-1-00018,random,train,1,1.4432934858265432,state_local_physics,spectral_norm_normalized,interaction,0.2,117102,0.9999999999999998,0.9999999999999996,0.9874636613746587,0.9874644297542603,0.9874644297542603,0.916949578744048,-6.225347398455686,-6.297103705408486,0.07175630695279978,0.07175630695279978,0.8957286101165194,0.43680185524353987,-0.01242926467441674,5.551115123125783e-17,False
random,0.4,syn-d65e2e7855c70cbf,class-1-00018,random,train,1,1.4432934858265432,state_local_physics,spectral_norm_normalized,interaction,0.4,117103,0.9999999999999999,0.9999999999999998,0.9507060033680593,0.9507275969204989,0.9507275969204989,0.8854935530168667,-6.013880982683402,-6.297103705408486,0.28322272272508453,0.28322272272508453,0.8590994667979687,0.43680185524353987,-0.04905840799296746,5.551115123125783e-17,False
random,0.8,syn-e3bf3912ed0d7b51,class-1-00018,random,train,1,1.4432934858265432,state_local_physics,spectral_norm_normalized,interaction,-0.8,117104,0.9999999999999998,0.9999999999999996,0.8157718754218255,0.8161948349419544,0.8161948349419544,0.7697026155758304,-5.223099844218314,-6.297103705408486,1.0740038611901719,1.0740038611901719,0.7221243563594593,0.43680185524353987,-0.18603351843147686,5.551115123125783e-17,False
random,0.0,syn-0cd546a367120346,class-1-00034,random,train,1,1.2840912832649163,state_local_physics,spectral_norm_normalized,field,0.0,127000,1.0000000000000002,1.0000000000000004,1.0000000000000004,1.0,1.0,0.9472175770763945,-5.7260788888211955,-5.7260788888211955,0.0,0.0,0.8838413836155474,0.4682227741342432,0.0,0.0,True
random,0.1,syn-740f40bed884800d,class-1-00034,random,train,1,1.2840912832649163,state_local_physics,spectral_norm_normalized,field,0.1,127001,1.0,1.0,0.9989476361497234,0.9989476361497236,0.9989476361497236,0.9457186691921341,-5.720718329558803,-5.7260788888211955,0.005360559262392428,0.005360559262392428,0.8838413836155473,0.4673359734911769,-1.1102230246251565e-16,-0.0008868006430662878,True
random,0.2,syn-92aed75e85c6f51d,class-1-00034,random,train,1,1.2840912832649163,state_local_physics,spectral_norm_normalized,field,0.2,127002,0.9999999999999999,0.9999999999999998,0.9958024669967228,0.9958024669967226,0.9958024669967226,0.9412399175251323,-5.704690212707811,-5.7260788888211955,0.021388676113384797,0.021388676113384797,0.8838413836155472,0.46468443218086647,-2.220446049250313e-16,-0.0035383419533767113,True
random,0.4,syn-9a54225503539d20,class-1-00034,random,train,1,1.2840912832649163,state_local_physics,spectral_norm_normalized,field,-0.4,127003,1.0,1.0,0.9833992284339095,0.9837902716500906,0.9837902716500906,0.9235921064956839,-5.641376883388433,-5.7260788888211955,0.08470200543276274,0.08470200543276274,0.8838413836155472,0.454210468848534,-2.220446049250313e-16,-0.014012305285709181,False
random,0.8,syn-108c4bff94c0ea52,class-1-00034,random,train,1,1.2840912832649163,state_local_physics,spectral_norm_normalized,field,0.8,127004,1.0,1.0,0.936539466286617,0.9431628707112619,0.9431628707112619,0.8571301611989294,-5.400643451319803,-5.7260788888211955,0.32543543750139214,0.32543543750139214,0.8838413836155474,0.4143857878933709,0.0,-0.0538369862408723,False
random,0.0,syn-3610b0bef74368b2,class-1-00034,random,train,1,1.2840912832649163,state_local_physics,spectral_norm_normalized,interaction,0.0,127100,1.0000000000000002,1.0000000000000004,1.0000000000000004,1.0,1.0,0.9472175770763945,-5.7260788888211955,-5.7260788888211955,0.0,0.0,0.8838413836155474,0.4682227741342432,0.0,0.0,True
random,0.1,syn-7f8becfe4c7190e8,class-1-00034,random,train,1,1.2840912832649163,state_local_physics,spectral_norm_normalized,interaction,-0.1,127101,1.0000000000000002,1.0000000000000004,0.9969165943266092,0.9969165943266092,0.9969165943266092,0.9445297210416964,-5.7103695192270765,-5.7260788888211955,0.01570936959411906,0.01570936959411906,0.8807829231698507,0.46822277413424324,-0.003058460445696687,5.551115123125783e-17,True
random,0.2,syn-74b33d5994b17b44,class-1-00034,random,train,1,1.2840912832649163,state_local_physics,spectral_norm_normalized,interaction,0.2,127102,1.0000000000000002,1.0000000000000004,0.9877186472224999,0.9877186472224997,0.9877186472224997,0.9365103488850602,-5.663450532779667,-5.7260788888211955,0.06262835604152883,0.06262835604152883,0.8716482559038069,0.4682227741342432,-0.012193127711740526,0.0,False
random,0.4,syn-7718a9355a6a48ff,class-1-00034,random,train,1,1.2840912832649163,state_local_physics,spectral_norm_normalized,interaction,0.4,127103,1.0000000000000002,1.0000000000000004,0.9517004021259383,0.9517454521179567,0.9517454521179567,0.9050871223054046,-5.478884262019327,-5.7260788888211955,0.24719462680186854,0.24719462680186854,0.835715010120247,0.4682227741342433,-0.04812637349530047,1.1102230246251565e-16,False
random,0.8,syn-caac056d0690b627,class-1-00034,random,train,1,1.2840912832649163,state_local_physics,spectral_norm_normalized,interaction,-0.8,127104,1.0000000000000004,1.0000000000000009,0.8193654659486665,0.8197340656728314,0.8197340656728314,0.7893345998050848,-4.78869653087963,-5.7260788888211955,0.9373823579415657,0.9373823579415657,0.7013422166641553,0.4682227741342433,-0.18249916695139212,1.1102230246251565e-16,False
random,0.0,syn-dffa6ad106196fd8,class-1-00115,random,train,1,1.3774725938868877,state_local_physics,spectral_norm_normalized,field,0.0,137000,1.0000000000000002,1.0000000000000004,1.0000000000000004,1.0,1.0,0.9355060951626588,-6.059164754571281,-6.059164754571281,0.0,0.0,0.8991060409060183,0.4487430867831646,0.0,0.0,True
random,0.1,syn-a1d1441e277d2ed8,class-1-00115,random,train,1,1.3774725938868877,state_local_physics,spectral_norm_normalized,field,0.1,137001,1.0000000000000002,1.0000000000000004,0.9990732840786086,0.9990741429951872,0.9990741429951872,0.9341069721385209,-6.054106582811127,-6.059164754571281,0.005058171760153662,0.005058171760153662,0.8991060409060183,0.4479217932142642,0.0,-0.0008212935689004275,True
random,0.2,syn-76a2a9a7ba864ebe,class-1-00115,random,train,1,1.3774725938868877,state_local_physics,spectral_norm_normalized,field,0.2,137002,1.0,1.0,0.9963034912457019,0.9963269458177778,0.9963269458177778,0.9299262252340368,-6.038982607110883,-6.059164754571281,0.020182147460397815,0.020182147460397815,0.8991060409060181,0.44546611860142005,-2.220446049250313e-16,-0.003276968181744555,True
random,0.4,syn-b55541dfbcc3ca57,class-1-00115,random,train,1,1.3774725938868877,state_local_physics,spectral_norm_normalized,field,-0.4,137003,1.0,1.0,0.9853784699994772,0.9857505230098133,0.9857505230098133,0.9134504055667382,-5.979240763260494,-6.059164754571281,0.0799239913107872,0.0799239913107872,0.8991060409060182,0.435765856436522,-1.1102230246251565e-16,-0.01297723034664261,False
random,0.8,syn-f83304457cf1bdad,class-1-00115,random,train,1,1.3774725938868877,state_local_physics,spectral_norm_normalized,field,-0.8,137004,0.9999999999999999,0.9999999999999998,0.9440726460725422,0.9498374381917416,0.9498374381917416,0.8513693453771183,-5.752087030186926,-6.059164754571281,0.30707772438435477,0.30707772438435477,0.8991060409060183,0.3988829847249139,0.0,-0.0498601020582507,False
random,0.0,syn-680e81cfde8639b7,class-1-00115,random,train,1,1.3774725938868877,state_local_physics,spectral_norm_normalized,interaction,0.0,137100,1.0000000000000002,1.0000000000000004,1.0000000000000004,1.0,1.0,0.9355060951626588,-6.059164754571281,-6.059164754571281,0.0,0.0,0.8991060409060183,0.4487430867831646,0.0,0.0,True
random,0.1,syn-483bcd8a14cfe836,class-1-00115,random,train,1,1.3774725938868877,state_local_physics,spectral_norm_normalized,interaction,0.1,137101,1.0000000000000004,1.0000000000000009,0.9968755327558362,0.9968755327558366,0.9968755327558366,0.9328147651319801,-6.042107215823855,-6.059164754571281,0.01705753874742566,0.01705753874742566,0.8960102372538941,0.4487430867831647,-0.0030958036521242516,1.1102230246251565e-16,True
random,0.2,syn-0acbf3713eca5491,class-1-00115,random,train,1,1.3774725938868877,state_local_physics,spectral_norm_normalized,interaction,0.2,137102,1.0000000000000002,1.0000000000000004,0.9875554302911019,0.9875554302911019,0.9875554302911019,0.9247852565088573,-5.991161668676231,-6.059164754571281,0.06800308589505022,0.06800308589505022,0.8867640374794452,0.4487430867831646,-0.0123420034265731,0.0,False
random,0.4,syn-21b883ad589d67b1,class-1-00115,random,train,1,1.3774725938868877,state_local_physics,spectral_norm_normalized,interaction,-0.4,137103,1.0000000000000002,1.0000000000000004,0.951063749938594,0.9510637499385942,0.9510637499385942,0.8933256799006325,-5.790756025655328,-6.059164754571281,0.26840872891595335,0.26840872891595335,0.850392053762621,0.44874308678316466,-0.048713987143397364,5.551115123125783e-17,False
random,0.8,syn-e540e4b546a49c5e,class-1-00115,random,train,1,1.3774725938868877,state_local_physics,spectral_norm_normalized,interaction,0.8,137104,1.0,1.0,0.8170626729263536,0.8176403801879707,0.8176403801879707,0.7774896434136029,-5.041336776437277,-6.059164754571281,1.0178279781340036,1.0178279781340036,0.7143785946666084,0.4487430867831646,-0.18472744623940995,0.0,False
random,0.0,syn-7997a69cd57d6426,class-1-00136,random,train,1,1.254370575274811,state_local_physics,spectral_norm_normalized,field,0.0,147000,0.9999999999999998,0.9999999999999996,0.9999999999999996,0.9999999999999996,0.9999999999999996,0.9510700906844103,-5.6213325579555615,-5.6213325579555615,0.0,0.0,0.8782730413740959,0.4751443622159499,0.0,0.0,True
random,0.1,syn-d5fa0b911169d5b9,class-1-00136,random,train,1,1.254370575274811,state_local_physics,spectral_norm_normalized,field,0.1,147001,0.9999999999999996,0.9999999999999991,0.998902775649332,0.998902775649332,0.998902775649332,0.9495369775858061,-5.615869671354185,-5.6213325579555615,0.005462886601376837,0.005462886601376837,0.8782730413740957,0.47423478882692754,-2.220446049250313e-16,-0.0009095733890223667,False
random,0.2,syn-19a3020dd421770f,class-1-00136,random,train,1,1.254370575274811,state_local_physics,spectral_norm_normalized,field,-0.2,147002,0.9999999999999996,0.9999999999999991,0.9956235940171648,0.9956360060767574,0.9956360060767574,0.9449560779267477,-5.599535594907189,-5.6213325579555615,0.021796963048372753,0.021796963048372753,0.8782730413740956,0.47151515681649897,-3.3306690738754696e-16,-0.003629205399450941,False
random,0.4,syn-52c499eb67cdbf59,class-1-00136,random,train,1,1.254370575274811,state_local_physics,spectral_norm_normalized,field,-0.4,147003,0.9999999999999996,0.9999999999999991,0.9826927571564661,0.9829721708002347,0.9829721708002347,0.9269066124609815,-5.535013681894518,-5.6213325579555615,0.0863188760610436,0.0863188760610436,0.8782730413740958,0.46077222558480263,-1.1102230246251565e-16,-0.014372136631147281,False
random,0.8,syn-0ac9f1236cf0b9a5,class-1-00136,random,train,1,1.254370575274811,state_local_physics,spectral_norm_normalized,field,-0.8,147004,0.9999999999999998,0.9999999999999996,0.933852721227271,0.9405700255546228,0.9405700255546228,0.8589443514787467,-5.289684906261486,-5.6213325579555615,0.33164765169407584,0.33164765169407584,0.8782730413740958,0.4199248600507963,-1.1102230246251565e-16,-0.05521950216515359,False
random,0.0,syn-1326517968fa4c75,class-1-00136,random,train,1,1.254370575274811,state_local_physics,spectral_norm_normalized,interaction,0.0,147100,0.9999999999999998,0.9999999999999996,0.9999999999999996,0.9999999999999996,0.9999999999999996,0.9510700906844103,-5.6213325579555615,-5.6213325579555615,0.0,0.0,0.8782730413740959,0.4751443622159499,0.0,0.0,True
random,0.1,syn-e61f0c92e07a53a2,class-1-00136,random,train,1,1.254370575274811,state_local_physics,spectral_norm_normalized,interaction,-0.1,147101,0.9999999999999997,0.9999999999999993,0.9969322247680319,0.9969322247680323,0.9969322247680323,0.9483845134570875,-5.606055815349651,-5.6213325579555615,0.015276742605910165,0.015276742605910165,0.8752283385352712,0.4751443622159499,-0.003044702838824742,0.0,False
random,0.2,syn-f4ef9c5498ea3a9c,class-1-00136,random,train,1,1.254370575274811,state_local_physics,spectral_norm_normalized,interaction,0.2,147102,0.9999999999999997,0.9999999999999993,0.9877807844354923,0.9877807844354917,0.9877807844354917,0.9403718614767157,-5.560428950758242,-5.6213325579555615,0.06090360719731969,0.06090360719731969,0.8661347609492748,0.47514436221594986,-0.012138280424821124,-5.551115123125783e-17,False
random,0.4,syn-cea18d88ea1e81b2,class-1-00136,random,train,1,1.254370575274811,state_local_physics,spectral_norm_normalized,interaction,0.4,147103,0.9999999999999998,0.9999999999999996,0.9519428923368133,0.9519428923368133,0.9519428923368133,0.9089738054251781,-5.380945528763125,-5.6213325579555615,0.24038702919243615,0.24038702919243615,0.8303631505629671,0.4751443622159499,-0.04790989081112884,0.0,False
random,0.8,syn-a9266f769672b943,class-1-00136,random,train,1,1.254370575274811,state_local_physics,spectral_norm_normalized,interaction,-0.8,147104,0.9999999999999998,0.9999999999999996,0.8202442852095843,0.8202442852095843,0.8202442852095843,0.7932966254489927,-4.709765170111065,-5.6213325579555615,0.9115673878444968,0.9115673878444968,0.6965947945679658,0.4751443622159499,-0.1816782468061301,0.0,False
random,0.0,syn-129eb8a73f37c69e,class-1-00157,random,train,1,1.4322411054119797,state_local_physics,spectral_norm_normalized,field,0.0,157000,1.0000000000000002,1.0000000000000004,1.0000000000000004,1.0000000000000004,1.0000000000000004,0.9289599298486869,-6.256986059318867,-6.256986059318867,0.0,0.0,0.9067237942151666,0.43871487186163105,0.0,0.0,True
random,0.1,syn-ec671bd102a9522b,class-1-00157,random,train,1,1.4322411054119797,state_local_physics,spectral_norm_normalized,field,-0.1,157001,0.9999999999999998,0.9999999999999996,0.9991374455789965,0.9991374455789965,0.9991374455789965,0.92761426983195,-6.252092344905897,-6.256986059318867,0.0048937144129697074,0.0048937144129697074,0.9067237942151662,0.4379281432390481,-3.3306690738754696e-16,-0.000786728622582944,True
random,0.2,syn-f40d6cc78d07dbbf,class-1-00157,random,train,1,1.4322411054119797,state_local_physics,spectral_norm_normalized,field,0.2,157002,0.9999999999999996,0.9999999999999991,0.9965593517123078,0.9965773309481925,0.9965773309481925,0.9235931973786834,-6.237460098043759,-6.256986059318867,0.019525961275107306,0.019525961275107306,0.906723794215166,0.4355758181036384,-5.551115123125783e-16,-0.0031390537579926714,True
random,0.4,syn-33e8ddf89b076487,class-1-00157,random,train,1,1.4322411054119797,state_local_physics,spectral_norm_normalized,field,0.4,157003,1.0,1.0,0.9863894518031912,0.9866851532447005,0.9866851532447005,0.9077454711710432,-6.17966065267675,-6.256986059318867,0.07732540664211651,0.07732540664211651,0.9067237942151661,0.4262838009971353,-4.440892098500626e-16,-0.012431070864495741,False
random,0.8,syn-6cbd190243c29b9a,class-1-00157,random,train,1,1.4322411054119797,state_local_physics,spectral_norm_normalized,field,-0.8,157004,0.9999999999999999,0.9999999999999998,0.9479239499525886,0.9528875229129785,0.9528875229129785,0.8480140689869518,-5.95989241422771,-6.256986059318867,0.29709364509115677,0.29709364509115677,0.9067237942151662,0.3909531811586943,-3.3306690738754696e-16,-0.04776169070293673,False
random,0.0,syn-a9144969e5295914,class-1-00157,random,train,1,1.4322411054119797,state_local_physics,spectral_norm_normalized,interaction,0.0,157100,1.0000000000000002,1.0000000000000004,1.0000000000000004,1.0000000000000004,1.0000000000000004,0.9289599298486869,-6.256986059318867,-6.256986059318867,0.0,0.0,0.9067237942151666,0.43871487186163105,0.0,0.0,True
random,0.1,syn-7e4758f8597f8c82,class-1-00157,random,train,1,1.4322411054119797,state_local_physics,spectral_norm_normalized,interaction,0.1,157101,1.0000000000000004,1.0000000000000009,0.9968560374297767,0.9968560374297767,0.9968560374297767,0.9262685451466461,-6.239144707840089,-6.256986059318867,0.017841351478777412,0.017841351478777412,0.9036095574760868,0.4387148718616312,-0.0031142367390797343,1.6653345369377348e-16,True
random,0.2,syn-e3b40a3aa72d70e9,class-1-00157,random,train,1,1.4322411054119797,state_local_physics,spectral_norm_normalized,interaction,0.2,157102,1.0000000000000002,1.0000000000000004,0.9874779483744881,0.9874779483744881,0.9874779483744881,0.9182389950150527,-6.185858156573917,-6.256986059318867,0.07112790274494962,0.07112790274494962,0.8943083038210947,0.438714871861631,-0.01241549039407186,-5.551115123125783e-17,False
random,0.4,syn-1efe6380190ebb0a,class-1-00157,random,train,1,1.4322411054119797,state_local_physics,spectral_norm_normalized,interaction,0.4,157103,1.0000000000000002,1.0000000000000004,0.9507616881318558,0.95079186704248,0.95079186704248,0.8867810494610256,-5.976243653074343,-6.256986059318867,0.2807424062445234,0.2807424062445234,0.8577197534179,0.4387148718616311,-0.04900404079726661,5.551115123125783e-17,False
random,0.8,syn-377d75cb26e4fbd4,class-1-00157,random,train,1,1.4322411054119797,state_local_physics,spectral_norm_normalized,interaction,-0.8,157104,1.0000000000000002,1.0000000000000004,0.8159726305528472,0.8163610972233719,0.8163610972233719,0.7709778505781378,-5.192387762242564,-6.256986059318867,1.0645982970763024,1.0645982970763024,0.7208964406617867,0.43871487186163105,-0.18582735355337987,0.0,False
random,0.0,syn-d722849bb02ad14e,class-1-00158,random,train,1,1.6792137778759553,state_local_physics,spectral_norm_normalized,field,0.0,167000,1.0000000000000009,1.0000000000000018,1.0000000000000018,1.0000000000000018,1.0000000000000018,0.9026741580861757,-7.1663945367172195,-7.1663945367172195,0.0,0.0,0.9323541043978272,0.4031109505571286,0.0,0.0,True
random,0.1,syn-3357acf425e692f6,class-1-00158,random,train,1,1.6792137778759553,state_local_physics,spectral_norm_normalized,field,-0.1,167001,1.0000000000000004,1.0000000000000009,0.9993603865009402,0.9993613918799055,0.9993613918799055,0.901530581915122,-7.162138764227909,-7.1663945367172195,0.0042557724893104165,0.0042557724893104165,0.932354104397827,0.4024518617816944,-2.220446049250313e-16,-0.0006590887754341912,False
random,0.2,syn-7423a41287bdd465,class-1-00158,random,train,1,1.6792137778759553,state_local_physics,spectral_norm_normalized,field,0.2,167002,1.0000000000000002,1.0000000000000004,0.9974484640881564,0.9974537375842732,0.9974537375842732,0.8981131129871174,-7.149413969031928,-7.1663945367172195,0.01698056768529188,0.01698056768529188,0.9323541043978267,0.40048118085257045,-4.440892098500626e-16,-0.002629769704558138,False
random,0.4,syn-4afc0330f44d58ec,class-1-00158,random,train,1,1.6792137778759553,state_local_physics,spectral_norm_normalized,field,-0.4,167003,1.0000000000000004,1.0000000000000009,0.9899038262888413,0.9899259254268455,0.9899259254268455,0.8846404914181556,-7.099149227624397,-7.1663945367172195,0.06724530909282223,0.06724530909282223,0.932354104397827,0.3926967123582994,-2.220446049250313e-16,-0.010414238198829195,False
random,0.8,syn-1d5aa30be28a4cba,class-1-00158,random,train,1,1.6792137778759553,state_local_physics,spectral_norm_normalized,field,0.8,167004,1.0000000000000004,1.0000000000000009,0.9613297654493815,0.9614153442052269,0.9614153442052269,0.8338055782702608,-6.9080298560614475,-7.1663945367172195,0.258364680655772,0.258364680655772,0.9323541043978268,0.36309817698507785,-3.3306690738754696e-16,-0.04001277357205074,False
random,0.0,syn-424400ee8a4b9822,class-1-00158,random,train,1,1.6792137778759553,state_local_physics,spectral_norm_normalized,interaction,0.0,167100,1.0000000000000009,1.0000000000000018,1.0000000000000018,1.0000000000000018,1.0000000000000018,0.9026741580861757,-7.1663945367172195,-7.1663945367172195,0.0,0.0,0.9323541043978272,0.4031109505571286,0.0,0.0,True
random,0.1,syn-7a43a226a40d0b7b,class-1-00158,random,train,1,1.6792137778759553,state_local_physics,spectral_norm_normalized,interaction,-0.1,167101,1.000000000000001,1.0000000000000022,0.996795416210134,0.9967954162101342,0.9967954162101342,0.8999926386984134,-7.145066678705066,-7.1663945367172195,0.0213278580121532,0.0213278580121532,0.9291788300085337,0.40311095055712864,-0.0031752743892934365,5.551115123125783e-17,True
random,0.2,syn-e60642ed6d734837,class-1-00158,random,train,1,1.6792137778759553,state_local_physics,spectral_norm_normalized,interaction,0.2,167102,1.0000000000000009,1.0000000000000018,0.9872370680844476,0.9872370680844476,0.9872370680844476,0.8919929781457351,-7.081367020037718,-7.1663945367172195,0.08502751667950115,0.08502751667950115,0.9196952759330186,0.4031109505571286,-0.012658828464808591,0.0,False
random,0.4,syn-5bea6d46ffe74db2,class-1-00158,random,train,1,1.6792137778759553,state_local_physics,spectral_norm_normalized,interaction,-0.4,167103,1.0000000000000009,1.0000000000000018,0.949823435641182,0.9498234356411815,0.9498234356411815,0.8606588761229718,-6.830790242082026,-7.1663945367172195,0.3356042946351936,0.3356042946351936,0.8823896062712545,0.40311095055712864,-0.049964498126572665,5.551115123125783e-17,False
random,0.8,syn-65fbb4f71f99b5fe,class-1-00158,random,train,1,1.6792137778759553,state_local_physics,spectral_norm_normalized,interaction,-0.8,167104,1.0000000000000007,1.0000000000000013,0.8125990276625765,0.8126092827789684,0.8126092827789684,0.7454124437902313,-5.893755446173376,-7.1663945367172195,1.2726390905438434,1.2726390905438434,0.7428846176488544,0.40311095055712853,-0.1894694867489728,-5.551115123125783e-17,False
random,0.0,syn-e3d58842b0165b3a,class-1-00182,random,train,1,1.4802601613073365,state_local_physics,spectral_norm_normalized,field,0.0,177000,1.0000000000000002,1.0000000000000004,1.0000000000000004,1.0,1.0,0.9234329757205417,-6.431731905801847,-6.431731905801847,0.0,0.0,0.9127247820505806,0.43065336727952175,0.0,0.0,True
random,0.1,syn-57333dc8f7ab4657,class-1-00182,random,train,1,1.4802601613073365,state_local_physics,spectral_norm_normalized,field,0.1,177001,0.9999999999999998,0.9999999999999996,0.9991886697815127,0.9991886697815129,0.9991886697815129,0.9221313633360915,-6.426975007540167,-6.431731905801847,0.004756898261679687,0.004756898261679687,0.9127247820505804,0.4298948542951841,-2.220446049250313e-16,-0.0007585129843376559,True
random,0.2,syn-0c2d80ddc504f332,class-1-00182,random,train,1,1.4802601613073365,state_local_physics,spectral_norm_normalized,field,-0.2,177002,0.9999999999999996,0.9999999999999991,0.9967636285918747,0.9967636285918743,0.9967636285918743,0.9182418494957912,-6.412751842110138,-6.431731905801847,0.018980063691708793,0.018980063691708793,0.9127247820505802,0.42762689415317995,-4.440892098500626e-16,-0.0030264731263418,True
random,0.4,syn-14d02a7ee3efab6a,class-1-00182,random,train,1,1.4802601613073365,state_local_physics,spectral_norm_normalized,field,0.4,177003,0.9999999999999996,0.9999999999999991,0.9871967241915013,0.9872290591367441,0.9872290591367441,0.9029116858227789,-6.356568326279352,-6.431731905801847,0.07516357952249475,0.07516357952249475,0.9127247820505802,0.4186681307071146,-4.440892098500626e-16,-0.011985236572407132,False
random,0.8,syn-f641ef02af352722,class-1-00182,random,train,1,1.4802601613073365,state_local_physics,spectral_norm_normalized,field,-0.8,177004,0.9999999999999998,0.9999999999999996,0.9510008818557273,0.9551406899169714,0.9551406899169714,0.8451174063039778,-6.142944264221255,-6.431731905801847,0.28878764158059234,0.28878764158059234,0.9127247820505804,0.3846046263132259,-2.220446049250313e-16,-0.046048740966295854,False
random,0.0,syn-5846df246d84d652,class-1-00182,random,train,1,1.4802601613073365,state_local_physics,spectral_norm_normalized,interaction,0.0,177100,1.0000000000000002,1.0000000000000004,1.0000000000000004,1.0,1.0,0.9234329757205417,-6.431731905801847,-6.431731905801847,0.0,0.0,0.9127247820505806,0.43065336727952175,0.0,0.0,True
random,0.1,syn-f1e5590b545c62d2,class-1-00182,random,train,1,1.4802601613073365,state_local_physics,spectral_norm_normalized,interaction,-0.1,177101,1.0000000000000002,1.0000000000000004,0.9968411535479738,0.9968411535479742,0.9968411535479742,0.9207424268037165,-6.413206965158765,-6.431731905801847,0.018524940643081855,0.018524940643081855,0.9095961190750937,0.43065336727952186,-0.0031286629754868622,1.1102230246251565e-16,True
random,0.2,syn-0000cca9006e7434,class-1-00182,random,train,1,1.4802601613073365,state_local_physics,spectral_norm_normalized,interaction,0.2,177102,1.0,1.0,0.9874187992117858,0.9874187992117855,0.9874187992117855,0.9127154701236373,-6.357878746304122,-6.431731905801847,0.07385315949772497,0.07385315949772497,0.900251778752211,0.43065336727952175,-0.012473003298369645,0.0,False
random,0.4,syn-46ad85c79a650051,class-1-00182,random,train,1,1.4802601613073365,state_local_physics,spectral_norm_normalized,interaction,-0.4,177103,1.0000000000000002,1.0000000000000004,0.950531176603663,0.9505533837974984,0.9505533837974984,0.8812691594131206,-6.140232889157151,-6.431731905801847,0.29149901664469624,0.29149901664469624,0.8634937373558342,0.43065336727952175,-0.04923104469474637,0.0,False
random,0.8,syn-64c7d5e46c621d2f,class-1-00182,random,train,1,1.4802601613073365,state_local_physics,spectral_norm_normalized,interaction,-0.8,177104,1.0000000000000002,1.0000000000000004,0.8151419979396898,0.8155883919823121,0.8155883919823121,0.7655308463992672,-5.326343657298105,-6.431731905801847,1.1053882485037416,1.1053882485037416,0.7260366110456465,0.43065336727952175,-0.18668817100493407,0.0,False
random,0.0,syn-67b232d99a091bd6,class-1-00191,random,train,1,1.4009703719824187,state_local_physics,spectral_norm_normalized,field,0.0,187000,0.9999999999999998,0.9999999999999996,0.9999999999999996,0.9999999999999998,0.9999999999999998,0.9326665217807452,-6.143832739387863,-6.143832739387863,0.0,0.0,0.9024826015274098,0.4443251781842144,0.0,0.0,True
random,0.1,syn-45e473367a5c3168,class-1-00191,random,train,1,1.4009703719824187,state_local_physics,spectral_norm_normalized,field,0.1,187001,0.9999999999999993,0.9999999999999987,0.9991016042080157,0.9991016042080157,0.9991016042080157,0.9312907724315074,-6.138846253492957,-6.143832739387863,0.004986485894905357,0.004986485894905357,0.9024826015274092,0.4435190400840002,-5.551115123125783e-16,-0.0008061381002141821,True
random,0.2,syn-6e2d728f6ce5b2e8,class-1-00191,random,train,1,1.4009703719824187,state_local_physics,spectral_norm_normalized,field,-0.2,187002,0.9999999999999993,0.9999999999999987,0.9964164237987432,0.9964340235759075,0.9964340235759075,0.9271798334140141,-6.123936619127001,-6.143832739387863,0.01989612026086185,0.01989612026086185,0.9024826015274091,0.44110868044878215,-6.661338147750939e-16,-0.0032164977354322555,True
random,0.4,syn-11d21b4a843805a6,class-1-00191,random,train,1,1.4009703719824187,state_local_physics,spectral_norm_normalized,field,-0.4,187003,0.9999999999999993,0.9999999999999987,0.9858246811587342,0.9862023398126953,0.9862023398126953,0.9109785984555031,-6.065041453873384,-6.143832739387863,0.07879128551447856,0.07879128551447856,0.9024826015274093,0.4315874188569522,-4.440892098500626e-16,-0.012737759327262232,False
random,0.8,syn-c36a01f0509bdfd3,class-1-00191,random,train,1,1.4009703719824187,state_local_physics,spectral_norm_normalized,field,-0.8,187004,0.9999999999999994,0.9999999999999989,0.9457721897935354,0.951214355545546,0.951214355545546,0.8499245852205761,-5.84110700884945,-6.143832739387863,0.30272573053841256,0.30272573053841256,0.9024826015274094,0.395385152995015,-3.3306690738754696e-16,-0.04894002518919943,False
random,0.0,syn-b220bd1e324b4190,class-1-00191,random,train,1,1.4009703719824187,state_local_physics,spectral_norm_normalized,interaction,0.0,187100,0.9999999999999998,0.9999999999999996,0.9999999999999996,0.9999999999999998,0.9999999999999998,0.9326665217807452,-6.143832739387863,-6.143832739387863,0.0,0.0,0.9024826015274098,0.4443251781842144,0.0,0.0,True
random,0.1,syn-350e6130a8f62e3e,class-1-00191,random,train,1,1.4009703719824187,state_local_physics,spectral_norm_normalized,interaction,0.1,187101,1.0,1.0,0.9968668088165324,0.9968668088165324,0.9968668088165324,0.9299750198383371,-6.126438343240997,-6.143832739387863,0.017394396146865887,0.017394396146865887,0.8993786108052052,0.4443251781842145,-0.003103990722204575,1.1102230246251565e-16,True
random,0.2,syn-12b9d5f651b51c00,class-1-00191,random,train,1,1.4009703719824187,state_local_physics,spectral_norm_normalized,interaction,0.2,187102,0.9999999999999999,0.9999999999999998,0.9875207570993295,0.98752075709933,0.98752075709933,0.921945051532913,-6.074486708123742,-6.143832739387863,0.06934603126412053,0.06934603126412053,0.8901079588063802,0.4443251781842144,-0.012374642721029616,0.0,False
random,0.4,syn-9e4e1ae5b4f7ec3a,class-1-00191,random,train,1,1.4009703719824187,state_local_physics,spectral_norm_normalized,interaction,-0.4,187103,1.0,1.0,0.9509285628918354,0.9509635126220429,0.9509635126220429,0.8904844587851669,-5.870123394260576,-6.143832739387863,0.27370934512728695,0.27370934512728695,0.8536397868253437,0.4443251781842145,-0.048842814702066084,1.1102230246251565e-16,False
random,0.8,syn-e05db51e432d6690,class-1-00191,random,train,1,1.4009703719824187,state_local_physics,spectral_norm_normalized,interaction,-0.8,187104,0.9999999999999998,0.9999999999999996,0.8165746127394555,0.8171030515181691,0.8171030515181691,0.7746564220767042,-5.10590438857583,-6.143832739387863,1.0379283508120327,1.0379283508120327,0.7172666305887576,0.44432517818421446,-0.18521597093865216,5.551115123125783e-17,False
random,0.0,syn-baf335d23f0bb2fb,class-1-00193,random,train,1,1.6831578009732509,state_local_physics,spectral_norm_normalized,field,0.0,197000,1.0,1.0,1.0,1.0,1.0,0.9022965161246382,-7.181105969333011,-7.181105969333011,0.0,0.0,0.9326742277116484,0.40264458702836003,0.0,0.0,True
random,0.1,syn-b315ce24a0ddb827,class-1-00193,random,train,1,1.6831578009732509,state_local_physics,spectral_norm_normalized,field,-0.1,197001,0.9999999999999993,0.9999999999999987,0.9993632394898854,0.9993632394898849,0.9993632394898849,0.9011557204748627,-7.176859162335235,-7.181105969333011,0.004246806997775465,0.004246806997775465,0.9326742277116478,0.4019872236117585,-6.661338147750939e-16,-0.000657363416601553,False
random,0.2,syn-ac47af431e37dccc,class-1-00193,random,train,1,1.6831578009732509,state_local_physics,spectral_norm_normalized,field,-0.2,197002,0.9999999999999992,0.9999999999999984,0.9974598429040054,0.9974598429040051,0.9974598429040051,0.8977465572549568,-7.16416117403363,-7.181105969333011,0.016944795299380644,0.016944795299380644,0.9326742277116477,0.40002170151991767,-7.771561172376096e-16,-0.002622885508442363,False
random,0.4,syn-74f83d9a19457a73,class-1-00193,random,train,1,1.6831578009732509,state_local_physics,spectral_norm_normalized,field,-0.4,197003,0.9999999999999993,0.9999999999999987,0.9899488154276019,0.9899488154276022,0.9899488154276022,0.8843066261037554,-7.114002323651695,-7.181105969333011,0.06710364568131588,0.06710364568131588,0.9326742277116478,0.39225761116281915,-6.661338147750939e-16,-0.010386975865540882,False
random,0.8,syn-590a731729eab5a4,class-1-00193,random,train,1,1.6831578009732509,state_local_physics,spectral_norm_normalized,field,0.8,197004,0.9999999999999993,0.9999999999999987,0.9615015602634192,0.9615015602634192,0.9615015602634192,0.8335942864830149,-6.923285576785489,-7.181105969333011,0.2578203925475222,0.2578203925475222,0.932674227711648,0.3627365586664806,-4.440892098500626e-16,-0.039908028361879455,False
random,0.0,syn-c5a4276fa9cdfea2,class-1-00193,random,train,1,1.6831578009732509,state_local_physics,spectral_norm_normalized,interaction,0.0,197100,1.0,1.0,1.0,1.0,1.0,0.9022965161246382,-7.181105969333011,-7.181105969333011,0.0,0.0,0.9326742277116484,0.40264458702836003,0.0,0.0,True
random,0.1,syn-6ae0ef0da41748b2,class-1-00193,random,train,1,1.6831578009732509,state_local_physics,spectral_norm_normalized,interaction,0.1,197101,1.0,1.0,0.9967947079004877,0.996794707900488,0.996794707900488,0.8996152350373288,-7.1597229488036405,-7.181105969333011,0.021383020529370356,0.021383020529370356,0.9294982004079388,0.40264458702836003,-0.003176027303709583,0.0,True
random,0.2,syn-f355f602a3a84cec,class-1-00193,random,train,1,1.6831578009732509,state_local_physics,spectral_norm_normalized,interaction,0.2,197102,0.9999999999999999,0.9999999999999998,0.9872342541126284,0.9872352412831551,0.9872352412831551,0.8916162917050742,-7.095858536905288,-7.181105969333011,0.08524743242772281,0.08524743242772281,0.9200123976119349,0.40264458702836003,-0.012661830099713556,0.0,False
random,0.4,syn-2c5c730098caf915,class-1-00193,random,train,1,1.6831578009732509,state_local_physics,spectral_norm_normalized,interaction,0.4,197103,1.0,1.0,0.949812483110367,0.949817548550536,0.949817548550536,0.8602850920490496,-6.844633665464533,-7.181105969333011,0.3364723038684776,0.3364723038684776,0.882697882107879,0.4026445870283601,-0.0499763456037694,5.551115123125783e-17,False
random,0.8,syn-fd8ed24efdeda5bd,class-1-00193,random,train,1,1.6831578009732509,state_local_physics,spectral_norm_normalized,interaction,-0.8,197104,0.9999999999999998,0.9999999999999996,0.8125597692380994,0.8125790216125777,0.8125790216125777,0.745050727009868,-5.905175316378049,-7.181105969333011,1.2759306529549619,1.2759306529549619,0.7431598143546266,0.40264458702836003,-0.1895144133570218,0.0,False
blocked,0.0,syn-6bd6586408e9e347,class-0-00001,blocked,train,0,0.266035332067859,state_local_physics,spectral_norm_normalized,field,0.0,7000,0.9999999999999998,0.9999999999999996,0.9999999999999996,0.9999999999999998,0.9999999999999998,0.5840104079253196,-3.111422736140781,-3.111422736140781,0.0,0.0,0.21854205273281463,0.9618530270046834,0.0,0.0,True
blocked,0.1,syn-0a83283633cbcf68,class-0-00001,blocked,train,0,0.266035332067859,state_local_physics,spectral_norm_normalized,field,0.1,7001,0.9999999999999996,0.9999999999999991,0.9971997385172507,0.9971997385172507,0.9971997385172507,0.5825035808890172,-3.10354414642844,-3.111422736140781,0.007878589712341011,0.007878589712341011,0.21854205273281474,0.9599618576391685,1.1102230246251565e-16,-0.001891169365514922,True
blocked,0.2,syn-9b47336a29b9cfca,class-0-00001,blocked,train,0,0.266035332067859,state_local_physics,spectral_norm_normalized,field,-0.2,7002,0.9999999999999996,0.9999999999999991,0.9888447794047126,0.9888474140834907,0.9888474140834907,0.5780036056889117,-3.0799870975555086,-3.111422736140781,0.03143563858527232,0.03143563858527232,0.21854205273281466,0.9543072454817875,2.7755575615628914e-17,-0.007545781522895978,True
blocked,0.4,syn-af850374e3729e40,class-0-00001,blocked,train,0,0.266035332067859,state_local_physics,spectral_norm_normalized,field,-0.4,7003,0.9999999999999994,0.9999999999999989,0.9561030083397192,0.9561337812071273,0.9561337812071273,0.5603079290395663,-2.986933421509197,-3.111422736140781,0.12448931463158397,0.12448931463158397,0.21854205273281468,0.9319707274103279,5.551115123125783e-17,-0.02988229959435551,True
blocked,0.8,syn-4a53cc546862c6de,class-0-00001,blocked,train,0,0.266035332067859,state_local_physics,spectral_norm_normalized,field,-0.8,7004,0.9999999999999996,0.9999999999999991,0.8354206819920963,0.8355609451664208,0.8355609451664208,0.49418810079608283,-2.6331196031230064,-3.111422736140781,0.4783031330177745,0.4783031330177745,0.2185420527328148,0.8470415866810358,1.6653345369377348e-16,-0.11481144032364765,False
blocked,0.0,syn-b8174888e694825a,class-0-00001,blocked,train,0,0.266035332067859,state_local_physics,spectral_norm_normalized,interaction,0.0,7100,0.9999999999999998,0.9999999999999996,0.9999999999999996,0.9999999999999998,0.9999999999999998,0.5840104079253196,-3.111422736140781,-3.111422736140781,0.0,0.0,0.21854205273281463,0.9618530270046834,0.0,0.0,True
blocked,0.1,syn-ef01587708b419a6,class-0-00001,blocked,train,0,0.266035332067859,state_local_physics,spectral_norm_normalized,interaction,0.1,7101,1.0,1.0,0.9996475432835535,0.9996475432835535,0.9996475432835535,0.5831381680773263,-3.110431712573052,-3.111422736140781,0.0009910235677290657,0.0009910235677290657,0.21761076330593057,0.9618530270046836,-0.0009312894268840577,1.1102230246251565e-16,True
blocked,0.2,syn-531cd555c3db37b4,class-0-00001,blocked,train,0,0.266035332067859,state_local_physics,spectral_norm_normalized,interaction,-0.2,7102,0.9999999999999999,0.9999999999999998,0.9985944771716019,0.9986032431020446,0.9986032431020446,0.580534134910567,-3.1074718343255645,-3.111422736140781,0.003950901815216401,0.003950901815216401,0.21482929230311254,0.9618530270046834,-0.003712760429702089,0.0,False
blocked,0.4,syn-e911a9fb780c5db1,class-0-00001,blocked,train,0,0.266035332067859,state_local_physics,spectral_norm_normalized,interaction,-0.4,7103,1.0,1.0,0.994446158194128,0.9945008386521305,0.9945008386521305,0.5703061182341738,-3.095828494786342,-3.111422736140781,0.015594241354438765,0.015594241354438765,0.2038877573491646,0.9618530270046833,-0.01465429538365004,-1.1102230246251565e-16,False
blocked,0.8,syn-7fe954ff3c31e00e,class-0-00001,blocked,train,0,0.266035332067859,state_local_physics,spectral_norm_normalized,interaction,-0.8,7104,0.9999999999999999,0.9999999999999998,0.9788382480142945,0.9790649296399322,0.9790649296399322,0.5322708151710382,-3.052288090213179,-3.111422736140781,0.05913464592760187,0.05913464592760187,0.16297175924213794,0.9618530270046834,-0.05557029349067669,0.0,False
blocked,0.0,syn-b4229b8d6f150e89,class-0-00004,blocked,train,0,0.5184497755663161,state_local_physics,spectral_norm_normalized,field,0.0,17000,1.0000000000000004,1.0000000000000009,1.0000000000000009,1.0000000000000009,1.0000000000000009,0.812684079652641,-3.461699350260369,-3.461699350260369,0.0,0.0,0.4792802960547634,0.8324403204607032,0.0,0.0,True
blocked,0.1,syn-3580c561fe1c2b92,class-0-00004,blocked,train,0,0.5184497755663161,state_local_physics,spectral_norm_normalized,field,-0.1,17001,1.0000000000000002,1.0000000000000004,0.9970679312867341,0.9970679312867341,0.9970679312867341,0.8109680871797234,-3.4535313984807345,-3.461699350260369,0.008167951779634475,0.008167951779634475,0.47928029605476336,0.8306674379920232,-5.551115123125783e-17,-0.0017728824686799038,True
blocked,0.2,syn-0ff44a0837b9cafd,class-0-00004,blocked,train,0,0.5184497755663161,state_local_physics,spectral_norm_normalized,field,-0.2,17002,1.0,1.0,0.9883141534083496,0.9883141534083496,0.9883141534083496,0.8058419306544895,-3.429109154616046,-3.461699350260369,0.03259019564432286,0.03259019564432286,0.47928029605476324,0.8253665046415744,-1.6653345369377348e-16,-0.007073815819128804,True
blocked,0.4,syn-316b8d09e93000dd,class-0-00004,blocked,train,0,0.5184497755663161,state_local_physics,spectral_norm_normalized,field,-0.4,17003,1.0000000000000002,1.0000000000000004,0.953927916469797,0.9539279164697972,0.9539279164697972,0.7856613941064129,-3.332637835939111,-3.461699350260369,0.12906151432125812,0.12906151432125812,0.47928029605476347,0.8044270678981813,5.551115123125783e-17,-0.02801325256252185,False
blocked,0.8,syn-b8fd6fef77f4ab14,class-0-00004,blocked,train,0,0.5184497755663161,state_local_physics,spectral_norm_normalized,field,0.8,17004,1.0000000000000002,1.0000000000000004,0.8259864329439894,0.8263556570722197,0.8263556570722197,0.70992804281344,-2.965829268281344,-3.461699350260369,0.49587008197902493,0.49587008197902493,0.4792802960547635,0.7248099868346796,1.1102230246251565e-16,-0.10763033362602359,False
blocked,0.0,syn-e508cd7851e3003f,class-0-00004,blocked,train,0,0.5184497755663161,state_local_physics,spectral_norm_normalized,interaction,0.0,17100,1.0000000000000004,1.0000000000000009,1.0000000000000009,1.0000000000000009,1.0000000000000009,0.812684079652641,-3.461699350260369,-3.461699350260369,0.0,0.0,0.4792802960547634,0.8324403204607032,0.0,0.0,True
blocked,0.1,syn-79556546dd9b9d16,class-0-00004,blocked,train,0,0.5184497755663161,state_local_physics,spectral_norm_normalized,interaction,0.1,17101,1.0000000000000004,1.0000000000000009,0.9985988773737546,0.9985988773737549,0.9985988773737549,0.8107486410548731,-3.457797384924724,-3.461699350260369,0.00390196533564513,0.00390196533564513,0.47739874189101494,0.8324403204607032,-0.0018815541637484667,0.0,True
blocked,0.2,syn-75b49cef9eac43ab,class-0-00004,blocked,train,0,0.5184497755663161,state_local_physics,spectral_norm_normalized,interaction,-0.2,17102,1.0000000000000002,1.0000000000000004,0.9944153553890845,0.9944153553890839,0.9944153553890839,0.8049727835566819,-3.4461434316833444,-3.461699350260369,0.015555918577024652,0.015555918577024652,0.47177912655380644,0.8324403204607029,-0.007501169500956972,-2.220446049250313e-16,True
blocked,0.4,syn-2ccc8969d8d3465a,class-0-00004,blocked,train,0,0.5184497755663161,state_local_physics,spectral_norm_normalized,interaction,0.4,17103,1.0000000000000004,1.0000000000000009,0.9779755319454214,0.9782521671242562,0.9782521671242562,0.7823204826859042,-3.4003000140769655,-3.461699350260369,0.06139933618340354,0.06139933618340354,0.4496731194886553,0.8324403204607032,-0.029607176566108118,0.0,True
blocked,0.8,syn-65236efe6698098e,class-0-00004,blocked,train,0,0.5184497755663161,state_local_physics,spectral_norm_normalized,interaction,0.8,17104,1.0000000000000002,1.0000000000000004,0.916715501999153,0.9221157456208043,0.9221157456208043,0.6985795021379724,-3.2288680170219735,-3.461699350260369,0.23283133323839555,0.23283133323839555,0.3670074471640161,0.8324403204607029,-0.11227284889074729,-2.220446049250313e-16,False
blocked,0.0,syn-4de130c83547302a,class-0-00011,blocked,train,0,0.2633085039263183,state_local_physics,spectral_norm_normalized,field,0.0,27000,1.0,1.0,1.0,1.0,1.0,0.5815257778656681,-3.109053092484972,-3.109053092484972,0.0,0.0,0.21596484861821516,0.9627158280843147,0.0,0.0,True
blocked,0.1,syn-4bde8a84c8da3be4,class-0-00011,blocked,train,0,0.2633085039263183,state_local_physics,spectral_norm_normalized,field,0.1,27001,0.9999999999999994,0.9999999999999989,0.9972044389014101,0.9972044389014103,0.9972044389014103,0.5800227056524853,-3.101180728379238,-3.109053092484972,0.007872364105733887,0.007872364105733887,0.21596484861821516,0.9608246169811094,0.0,-0.001891211103205226,True
blocked,0.2,syn-723880f935b5c200,class-0-00011,blocked,train,0,0.2633085039263183,state_local_physics,spectral_norm_normalized,field,-0.2,27002,0.9999999999999996,0.9999999999999991,0.9888635574191359,0.9888635574191357,0.9888635574191357,0.5755339609832841,-3.0776422941219304,-3.109053092484972,0.031410798363041614,0.031410798363041614,0.2159648486182151,0.9551698800276869,-5.551115123125783e-17,-0.0075459480566277826,False
blocked,0.4,syn-df60a65a0efb7898,class-0-00011,blocked,train,0,0.2633085039263183,state_local_physics,spectral_norm_normalized,field,-0.4,27003,0.9999999999999996,0.9999999999999991,0.9561777384898194,0.9561777384898194,0.9561777384898194,0.5578826989559498,-2.9846621484410347,-3.109053092484972,0.12439094404393725,0.12439094404393725,0.21596484861821513,0.9328328689942055,-2.7755575615628914e-17,-0.029882959090109185,False
blocked,0.8,syn-70dc15e5de3bd2a2,class-0-00011,blocked,train,0,0.2633085039263183,state_local_physics,spectral_norm_normalized,field,-0.8,27004,0.9999999999999999,0.9999999999999998,0.835713161549399,0.8357131615493995,0.8357131615493995,0.49193251046827735,-2.631127911264972,-3.109053092484972,0.47792518121999983,0.47792518121999983,0.21596484861821524,0.8479018538975303,8.326672684688674e-17,-0.1148139741867844,False
blocked,0.0,syn-41f1286c93cb1446,class-0-00011,blocked,train,0,0.2633085039263183,state_local_physics,spectral_norm_normalized,interaction,0.0,27100,1.0,1.0,1.0,1.0,1.0,0.5815257778656681,-3.109053092484972,-3.109053092484972,0.0,0.0,0.21596484861821516,0.9627158280843147,0.0,0.0,True
blocked,0.1,syn-6f4ad065b63fb9a0,class-0-00011,blocked,train,0,0.2633085039263183,state_local_physics,spectral_norm_normalized,interaction,0.1,27101,1.0000000000000002,1.0000000000000004,0.9996553099545916,0.9996553099545916,0.9996553099545916,0.5806646275130573,-3.108083047658995,-3.109053092484972,0.0009700448259768457,0.0009700448259768457,0.21504383314443426,0.9627158280843149,-0.0009210154737809007,2.220446049250313e-16,False
blocked,0.2,syn-459b2bac713eba8f,class-0-00011,blocked,train,0,0.2633085039263183,state_local_physics,spectral_norm_normalized,interaction,0.2,27102,0.9999999999999999,0.9999999999999998,0.998625442184413,0.9986254421844132,0.9986254421844132,0.5780936864881665,-3.105185826368814,-3.109053092484972,0.0038672661161580635,0.0038672661161580635,0.21229304723458078,0.9627158280843147,-0.0036718013836343766,0.0,False
blocked,0.4,syn-7370b28e9938242a,class-0-00011,blocked,train,0,0.2633085039263183,state_local_physics,spectral_norm_normalized,interaction,-0.4,27103,1.0,1.0,0.9945684075385477,0.9945684075385477,0.9945684075385477,0.5679954269797425,-3.0937889619097874,-3.109053092484972,0.015264130575184609,0.015264130575184609,0.20147221891999603,0.9627158280843149,-0.014492629698219128,2.220446049250313e-16,False
blocked,0.8,syn-42558b0ac74176b8,class-0-00011,blocked,train,0,0.2633085039263183,state_local_physics,spectral_norm_normalized,interaction,0.8,27104,1.0,1.0,0.9793024713362875,0.9793024713362875,0.9793024713362875,0.5304394252630048,-3.0511702537857177,-3.109053092484972,0.05788283869925426,0.05788283869925426,0.1610076047045786,0.9627158280843147,-0.05495724391363657,0.0,False
blocked,0.0,syn-4747d99b752bf13b,class-0-00030,blocked,train,0,0.33101793112585887,state_local_physics,spectral_norm_normalized,field,0.0,37000,1.0,1.0,1.0,1.0,1.0,0.6445306663744976,-3.1764233938199897,-3.1764233938199897,0.0,0.0,0.2823306856604132,0.937721054127785,0.0,0.0,True
blocked,0.1,syn-c4ef45349b2a0441,class-0-00030,blocked,train,0,0.33101793112585887,state_local_physics,spectral_norm_normalized,field,-0.1,37001,0.9999999999999998,0.9999999999999996,0.9970969000791358,0.9970969000791358,0.9970969000791358,0.6429406415335156,-3.1684026707866413,-3.1764233938199897,0.008020723033348442,0.008020723033348442,0.2823306856604132,0.935836703849362,0.0,-0.0018843502784229305,True
blocked,0.2,syn-921930deb608c7cd,class-0-00030,blocked,train,0,0.33101793112585887,state_local_physics,spectral_norm_normalized,field,0.2,37002,0.9999999999999997,0.9999999999999993,0.9884337252488183,0.9884337252488183,0.9884337252488183,0.6381917918918759,-3.144420642099849,-3.1764233938199897,0.032002751720140665,0.032002751720140665,0.2823306856604131,0.9302024808191933,-1.1102230246251565e-16,-0.007518573308591625,True
blocked,0.4,syn-991fc1f632987ae7,class-0-00030,blocked,train,0,0.33101793112585887,state_local_physics,spectral_norm_normalized,field,-0.4,37003,0.9999999999999998,0.9999999999999996,0.9544637920589648,0.9544637920589648,0.9544637920589648,0.6195113802629709,-3.049688235659989,-3.1764233938199897,0.1267351581600007,0.1267351581600007,0.2823306856604132,0.9079465026850037,0.0,-0.029774551442781294,True
blocked,0.8,syn-d01b65b3fec32cc1,class-0-00030,blocked,train,0,0.33101793112585887,state_local_physics,spectral_norm_normalized,field,-0.8,37004,0.9999999999999998,0.9999999999999996,0.8289562621865885,0.8295604607993505,0.8295604607993505,0.5496233589781282,-2.6894914560000616,-3.1764233938199897,0.48693193781992816,0.48693193781992816,0.2823306856604132,0.8233235953464666,0.0,-0.11439745878131835,False
blocked,0.0,syn-92e1336803fec8b3,class-0-00030,blocked,train,0,0.33101793112585887,state_local_physics,spectral_norm_normalized,interaction,0.0,37100,1.0,1.0,1.0,1.0,1.0,0.6445306663744976,-3.1764233938199897,-3.1764233938199897,0.0,0.0,0.2823306856604132,0.937721054127785,0.0,0.0,True
blocked,0.1,syn-04b294f77deaa48c,class-0-00030,blocked,train,0,0.33101793112585887,state_local_physics,spectral_norm_normalized,interaction,-0.1,37101,1.0000000000000002,1.0000000000000004,0.9994343363526609,0.9994343363526611,0.9994343363526611,0.6433855088957707,-3.174861421188962,-3.1764233938199897,0.0015619726310278637,0.0015619726310278637,0.28115101192966085,0.9377210541277847,-0.0011796737307523397,-2.220446049250313e-16,True
blocked,0.2,syn-16badb7eb662fc15,class-0-00030,blocked,train,0,0.33101793112585887,state_local_physics,spectral_norm_normalized,interaction,-0.2,37102,1.0,1.0,0.9977445326987443,0.9977445326987445,0.9977445326987445,0.6399671315487256,-3.1701962961966834,-3.1764233938199897,0.00622709762330631,0.00622709762330631,0.2776276944945513,0.9377210541277848,-0.0047029911658618695,-1.1102230246251565e-16,True
blocked,0.4,syn-375a523d5b9f66de,class-0-00030,blocked,train,0,0.33101793112585887,state_local_physics,spectral_norm_normalized,interaction,0.4,37103,1.0000000000000002,1.0000000000000004,0.9910920390252088,0.991092039025209,0.991092039025209,0.6265470111493371,-3.1518449892386613,-3.1764233938199897,0.024578404581328428,0.024578404581328428,0.26376794156847455,0.937721054127785,-0.018562744091938643,0.0,True
blocked,0.8,syn-7356fea3efbb0429,class-0-00030,blocked,train,0,0.33101793112585887,state_local_physics,spectral_norm_normalized,interaction,-0.8,37104,1.0,1.0,0.9661229106854433,0.9691931568900312,0.9691931568900312,0.5767354817418429,-3.0832200619395014,-3.1764233938199897,0.09320333188048835,0.09320333188048835,0.21193923317664162,0.937721054127785,-0.07039145248377157,0.0,False
blocked,0.0,syn-6360474c9d9cb260,class-0-00043,blocked,train,0,0.4420051075394415,state_local_physics,spectral_norm_normalized,field,0.0,47000,1.0000000000000002,1.0000000000000004,1.0000000000000004,1.0000000000000004,1.0000000000000004,0.7479754384866872,-3.327389421854396,-3.327389421854396,0.0,0.0,0.39875134067123874,0.8808332809630625,0.0,0.0,True
blocked,0.1,syn-2301ad40791245ed,class-0-00043,blocked,train,0,0.4420051075394415,state_local_physics,spectral_norm_normalized,field,0.1,47001,1.0,1.0,0.9970158865990089,0.9970158865990093,0.9970158865990093,0.746285800920259,-3.3192138177617965,-3.327389421854396,0.008175604092599542,0.008175604092599542,0.39875134067123874,0.8789963905366016,0.0,-0.0018368904264608465,True
blocked,0.2,syn-3c264861c77acf1e,class-0-00043,blocked,train,0,0.4420051075394415,state_local_physics,spectral_norm_normalized,field,-0.2,47002,0.9999999999999998,0.9999999999999996,0.988108419723254,0.988108419723254,0.988108419723254,0.7412387767496613,-3.294768693417593,-3.327389421854396,0.03262072843680297,0.03262072843680297,0.39875134067123863,0.8735040728591652,-1.1102230246251565e-16,-0.007329208103897256,True
blocked,0.4,syn-377adf0a61e47760,class-0-00043,blocked,train,0,0.4420051075394415,state_local_physics,spectral_norm_normalized,field,-0.4,47003,0.9999999999999997,0.9999999999999993,0.9531432974443353,0.9531432974443353,0.9531432974443353,0.721375673849834,-3.1982069936093027,-3.327389421854396,0.1291824282450933,0.1291824282450933,0.39875134067123863,0.8518086409459237,-1.1102230246251565e-16,-0.02902464001713878,True
blocked,0.8,syn-16c353f56f3577ba,class-0-00043,blocked,train,0,0.4420051075394415,state_local_physics,spectral_norm_normalized,field,0.8,47004,0.9999999999999999,0.9999999999999998,0.8234117546967602,0.8234117546967604,0.8234117546967604,0.6469199492732957,-2.831054773829944,-3.327389421854396,0.49633464802445193,0.49633464802445193,0.3987513406712388,0.7693170733592626,5.551115123125783e-17,-0.11151620760379988,False
blocked,0.0,syn-42ef09770ddf5f84,class-0-00043,blocked,train,0,0.4420051075394415,state_local_physics,spectral_norm_normalized,interaction,0.0,47100,1.0000000000000002,1.0000000000000004,1.0000000000000004,1.0000000000000004,1.0000000000000004,0.7479754384866872,-3.327389421854396,-3.327389421854396,0.0,0.0,0.39875134067123874,0.8808332809630625,0.0,0.0,True
blocked,0.1,syn-2988489cf3bf3d83,class-0-00043,blocked,train,0,0.4420051075394415,state_local_physics,spectral_norm_normalized,interaction,-0.1,47101,1.0000000000000002,1.0000000000000004,0.9989634262847903,0.9989634262847901,0.9989634262847901,0.7463506487964577,-3.3245506447875797,-3.327389421854396,0.002838777066816345,0.002838777066816345,0.3971457160877243,0.8808332809630623,-0.0016056245835144312,-1.1102230246251565e-16,True
blocked,0.2,syn-606ea79b5a5b73aa,class-0-00043,blocked,train,0,0.4420051075394415,state_local_physics,spectral_norm_normalized,interaction,-0.2,47102,1.0000000000000002,1.0000000000000004,0.9958677877020727,0.995867787702073,0.995867787702073,0.7415013889967115,-3.3160721032441254,-3.327389421854396,0.011317318610270632,0.011317318610270632,0.3923502163305765,0.8808332809630623,-0.0064011243406622564,-1.1102230246251565e-16,True
blocked,0.4,syn-3edc734c5debab2a,class-0-00043,blocked,train,0,0.4420051075394415,state_local_physics,spectral_norm_normalized,interaction,-0.4,47103,1.0000000000000002,1.0000000000000004,0.9836941508964818,0.9836941508964818,0.9836941508964818,0.7224763431828064,-3.2827198739517063,-3.327389421854396,0.04466954790268973,0.04466954790268973,0.3734860512318488,0.8808332809630623,-0.025265289439389937,-1.1102230246251565e-16,True
blocked,0.8,syn-a9f12bd3c6902098,class-0-00043,blocked,train,0,0.4420051075394415,state_local_physics,spectral_norm_normalized,interaction,0.8,47104,1.0000000000000002,1.0000000000000004,0.9382004466407061,0.94286363529881,0.94286363529881,0.6520450151901135,-3.157998821892976,-3.327389421854396,0.16939059996142003,0.16939059996142003,0.3029432849089501,0.8808332809630626,-0.09580805576228862,1.1102230246251565e-16,True
blocked,0.0,syn-9df592bee7535003,class-0-00045,blocked,train,0,0.30132240180728864,state_local_physics,spectral_norm_normalized,field,0.0,57000,1.0,1.0,1.0,1.0,1.0,0.6166182121172556,-3.144659695575604,-3.144659695575604,0.0,0.0,0.25263561554215763,0.9496086942543795,0.0,0.0,True
blocked,0.1,syn-3baf6a4e943ae394,class-0-00045,blocked,train,0,0.30132240180728864,state_local_physics,spectral_norm_normalized,field,0.1,57001,0.9999999999999996,0.9999999999999991,0.9971410577586068,0.9971410577586071,0.9971410577586071,0.6150645365177445,-3.1367017391090672,-3.144659695575604,0.007957956466536853,0.007957956466536853,0.2526356155421576,0.9477197072122109,-5.551115123125783e-17,-0.001888987042168666,True
blocked,0.2,syn-a414ddda08888b2b,class-0-00045,blocked,train,0,0.30132240180728864,state_local_physics,spectral_norm_normalized,field,0.2,57002,0.9999999999999993,0.9999999999999987,0.9886102893181418,0.9886102893181415,0.9886102893181415,0.6104244294937866,-3.1129073829799263,-3.144659695575604,0.03175231259567779,0.03175231259567779,0.2526356155421575,0.9420716202198157,-1.1102230246251565e-16,-0.007537074034563829,True
blocked,0.4,syn-14f5d6144280904d,class-0-00045,blocked,train,0,0.30132240180728864,state_local_physics,spectral_norm_normalized,field,0.4,57003,0.9999999999999993,0.9999999999999987,0.9551688685642641,0.9551688685642643,0.9551688685642643,0.5921744176831931,-3.018916309695873,-3.144659695575604,0.12574338587973122,0.12574338587973122,0.2526356155421576,0.9197608774732715,-5.551115123125783e-17,-0.02984781678110804,True
blocked,0.8,syn-f51526cee24ea1b5,class-0-00045,blocked,train,0,0.30132240180728864,state_local_physics,spectral_norm_normalized,field,0.8,57004,0.9999999999999993,0.9999999999999987,0.8317508487630932,0.8325402952069223,0.8325402952069223,0.5239352873721422,-2.661538267840803,-3.144659695575604,0.48312142773480105,0.48312142773480105,0.2526356155421576,0.8349297411057197,-5.551115123125783e-17,-0.11467895314865983,False
blocked,0.0,syn-bc07ca1a9428a209,class-0-00045,blocked,train,0,0.30132240180728864,state_local_physics,spectral_norm_normalized,interaction,0.0,57100,1.0,1.0,1.0,1.0,1.0,0.6166182121172556,-3.144659695575604,-3.144659695575604,0.0,0.0,0.25263561554215763,0.9496086942543795,0.0,0.0,True
blocked,0.1,syn-46dd5a8e71a91d6b,class-0-00045,blocked,train,0,0.30132240180728864,state_local_physics,spectral_norm_normalized,interaction,0.1,57101,1.0000000000000002,1.0000000000000004,0.999538387106271,0.999538387106271,0.999538387106271,0.6155995928918282,-3.1433755293009624,-3.144659695575604,0.0012841662746416738,0.0012841662746416738,0.25157017345509447,0.9496086942543797,-0.001065442087063162,1.1102230246251565e-16,True
blocked,0.2,syn-e4c04bfdb4b9bcbd,class-0-00045,blocked,train,0,0.30132240180728864,state_local_physics,spectral_norm_normalized,interaction,-0.2,57102,0.9999999999999999,0.9999999999999998,0.9981593072704467,0.9981593072704469,0.9981593072704469,0.612558770572226,-3.139540125233653,-3.144659695575604,0.005119570341951096,0.005119570341951096,0.24838803030517864,0.9496086942543793,-0.00424758523697899,-2.220446049250313e-16,True
blocked,0.4,syn-dceae2095b29eff0,class-0-00045,blocked,train,0,0.30132240180728864,state_local_physics,spectral_norm_normalized,interaction,-0.4,57103,1.0000000000000002,1.0000000000000004,0.9927285208516456,0.9927285208516454,0.9927285208516454,0.6006183780010202,-3.124452710113216,-3.144659695575604,0.020206985462388083,0.020206985462388083,0.23587036232733716,0.9496086942543795,-0.016765253214820475,0.0,True
blocked,0.8,syn-ac54f2385f159343,class-0-00045,blocked,train,0,0.30132240180728864,state_local_physics,spectral_norm_normalized,interaction,-0.8,57104,1.0,1.0,0.9723217900965389,0.9747195727792239,0.9747195727792239,0.5562624390053943,-3.0680331445672495,-3.144659695575604,0.07662655100835458,0.07662655100835458,0.1890603963178655,0.9496086942543795,-0.06357521922429213,0.0,False
blocked,0.0,syn-9a71154d936ed073,class-0-00052,blocked,train,0,0.5083281360574561,state_local_physics,spectral_norm_normalized,field,0.0,67000,0.9999999999999998,0.9999999999999996,0.9999999999999996,0.9999999999999996,0.9999999999999996,0.8046223950435001,-3.442506741616681,-3.442506741616681,0.0,0.0,0.4688039809534431,0.8391426169658216,0.0,0.0,True
blocked,0.1,syn-51ba7528c3d70af1,class-0-00052,blocked,train,0,0.5083281360574561,state_local_physics,spectral_norm_normalized,field,-0.1,67001,0.9999999999999994,0.9999999999999989,0.9970555892262315,0.997055589226231,0.997055589226231,0.802907758055687,-3.4343314883674494,-3.442506741616681,0.008175253249231407,0.008175253249231407,0.46880398095344317,0.8373598373967558,5.551115123125783e-17,-0.0017827795690658066,True
blocked,0.2,syn-502015f543c3f5f7,class-0-00052,blocked,train,0,0.5083281360574561,state_local_physics,spectral_norm_normalized,field,-0.2,67002,0.9999999999999992,0.9999999999999984,0.988265178974251,0.9882651789742513,0.9882651789742513,0.7977857023468237,-3.409887413047847,-3.442506741616681,0.03261932856883387,0.03261932856883387,0.468803980953443,0.832029311633705,-1.1102230246251565e-16,-0.007113305332116626,True
blocked,0.4,syn-b234a73b975404e6,class-0-00052,blocked,train,0,0.5083281360574561,state_local_physics,spectral_norm_normalized,field,-0.4,67003,0.9999999999999993,0.9999999999999987,0.9537382024897979,0.9537382024897979,0.9537382024897979,0.7776220665537047,-3.3133298570351486,-3.442506741616681,0.1291768845815322,0.1291768845815322,0.46880398095344317,0.8109729806736148,5.551115123125783e-17,-0.028169636292206812,True
blocked,0.8,syn-c8dea65f187f7e7d,class-0-00052,blocked,train,0,0.5083281360574561,state_local_physics,spectral_norm_normalized,field,0.8,67004,0.9999999999999994,0.9999999999999989,0.8253193426048492,0.8255513868892587,0.8255513868892587,0.7019632041734177,-2.9461933930238993,-3.442506741616681,0.49631334859278153,0.49631334859278153,0.46880398095344333,0.7309114379734094,2.220446049250313e-16,-0.10823117899241219,False
blocked,0.0,syn-5254cf2e1bad37ed,class-0-00052,blocked,train,0,0.5083281360574561,state_local_physics,spectral_norm_normalized,interaction,0.0,67100,0.9999999999999998,0.9999999999999996,0.9999999999999996,0.9999999999999996,0.9999999999999996,0.8046223950435001,-3.442506741616681,-3.442506741616681,0.0,0.0,0.4688039809534431,0.8391426169658216,0.0,0.0,True
blocked,0.1,syn-9b67c04d5446e838,class-0-00052,blocked,train,0,0.5083281360574561,state_local_physics,spectral_norm_normalized,interaction,-0.1,67101,0.9999999999999997,0.9999999999999993,0.9986473648540052,0.9986473648540054,0.9986473648540054,0.8027262305561595,-3.4387522912076127,-3.442506741616681,0.0037544504090680775,0.0037544504090680775,0.4669575110540065,0.8391426169658217,-0.001846469899436598,1.1102230246251565e-16,True
blocked,0.2,syn-20157400bc02ebe4,class-0-00052,blocked,train,0,0.5083281360574561,state_local_physics,spectral_norm_normalized,interaction,0.2,67102,0.9999999999999999,0.9999999999999998,0.9946085184032392,0.9946085184032389,0.9946085184032389,0.7970675122617576,-3.427538919034712,-3.442506741616681,0.014967822581968715,0.014967822581968715,0.46144268146977846,0.8391426169658217,-0.007361299483664652,1.1102230246251565e-16,True
blocked,0.4,syn-92c17a4c6e9e2eed,class-0-00052,blocked,train,0,0.5083281360574561,state_local_physics,spectral_norm_normalized,interaction,0.4,67103,0.9999999999999998,0.9999999999999996,0.9787357472469171,0.9787357472469174,0.9787357472469174,0.7748736627636358,-3.3834286250725905,-3.442506741616681,0.05907811654409034,0.05907811654409034,0.43974887247455063,0.8391426169658218,-0.029055108478892477,2.220446049250313e-16,True
blocked,0.8,syn-6b31a00c9b6797c7,class-0-00052,blocked,train,0,0.5083281360574561,state_local_physics,spectral_norm_normalized,interaction,-0.8,67104,0.9999999999999997,0.9999999999999993,0.9195668818838173,0.9248508581972551,0.9248508581972551,0.692813393657532,-3.2184776641835633,-3.442506741616681,0.2240290774331175,0.2240290774331175,0.35862461966003484,0.8391426169658218,-0.11017936129340827,2.220446049250313e-16,False
blocked,0.0,syn-ee4f9f7d5bb89da9,class-0-00086,blocked,train,0,0.4489232471567867,state_local_physics,spectral_norm_normalized,field,0.0,77000,1.0,1.0,1.0,0.9999999999999998,0.9999999999999998,0.7541516558940972,-3.3385259014496658,-3.3385259014496658,0.0,0.0,0.40612322144120616,0.8767037349113289,0.0,0.0,True
blocked,0.1,syn-fe0d9d4be5b5313e,class-0-00086,blocked,train,0,0.4489232471567867,state_local_physics,spectral_norm_normalized,field,0.1,77001,0.9999999999999998,0.9999999999999996,0.9970166671661437,0.9970166671661437,0.9970166671661437,0.7524581112751146,-3.330346603583417,-3.3385259014496658,0.008179297866248714,0.008179297866248714,0.4061232214412063,0.8748715810061418,1.1102230246251565e-16,-0.001832153905187095,True
blocked,0.2,syn-ed775eb2cbec1cb7,class-0-00086,blocked,train,0,0.4489232471567867,state_local_physics,spectral_norm_normalized,field,0.2,77002,0.9999999999999996,0.9999999999999991,0.9881113735814638,0.9881113735814638,0.9881113735814638,0.7473993782129302,-3.305890434825236,-3.3385259014496658,0.03263546662442973,0.03263546662442973,0.40612322144120605,0.8693934255667721,-1.1102230246251565e-16,-0.007310309344556787,True
blocked,0.4,syn-512004866ba4dc1a,class-0-00086,blocked,train,0,0.4489232471567867,state_local_physics,spectral_norm_normalized,field,0.4,77003,0.9999999999999998,0.9999999999999996,0.9531524826619027,0.9531524826619027,0.9531524826619027,0.727489631243905,-3.209285108019094,-3.3385259014496658,0.1292407934305717,0.1292407934305717,0.4061232214412063,0.847753936497655,1.1102230246251565e-16,-0.028949798413673955,True
blocked,0.8,syn-736898d46ceef92e,class-0-00086,blocked,train,0,0.4489232471567867,state_local_physics,spectral_norm_normalized,field,0.8,77004,0.9999999999999998,0.9999999999999996,0.8234103416618915,0.8234103416618919,0.8234103416618919,0.652850838049459,-2.8419670072627556,-3.3385259014496658,0.4965588941869101,0.4965588941869101,0.4061232214412063,0.7654750778778179,1.1102230246251565e-16,-0.11122865703351104,False
blocked,0.0,syn-02fdd99f8de45d7b,class-0-00086,blocked,train,0,0.4489232471567867,state_local_physics,spectral_norm_normalized,interaction,0.0,77100,1.0,1.0,1.0,0.9999999999999998,0.9999999999999998,0.7541516558940972,-3.3385259014496658,-3.3385259014496658,0.0,0.0,0.40612322144120616,0.8767037349113289,0.0,0.0,True
blocked,0.1,syn-d7f4433b07ba8544,class-0-00086,blocked,train,0,0.4489232471567867,state_local_physics,spectral_norm_normalized,interaction,-0.1,77101,1.0000000000000002,1.0000000000000004,0.9989310132570903,0.9989310132570908,0.9989310132570908,0.7524976265710019,-3.3355962424344257,-3.3385259014496658,0.002929659015240116,0.002929659015240116,0.4044917292909359,0.8767037349113291,-0.0016314921502702528,2.220446049250313e-16,True
blocked,0.2,syn-719392b25e4a7b8d,class-0-00086,blocked,train,0,0.4489232471567867,state_local_physics,spectral_norm_normalized,interaction,-0.2,77102,1.0,1.0,0.995738633625147,0.9957512490634057,0.9957512490634057,0.74756114612185,-3.32684626486161,-3.3385259014496658,0.011679636588055597,0.011679636588055597,0.39961897118126316,0.8767037349113289,-0.006504250259943001,0.0,True
blocked,0.4,syn-c66b88414d783c88,class-0-00086,blocked,train,0,0.4489232471567867,state_local_physics,spectral_norm_normalized,interaction,-0.4,77103,1.0,1.0,0.9831854100645657,0.9833894998893151,0.9833894998893151,0.7281945898235888,-3.292426281564201,-3.3385259014496658,0.04609961988546463,0.04609961988546463,0.38045089316603203,0.876703734911329,-0.025672328275174128,1.1102230246251565e-16,True
blocked,0.8,syn-e0fe878bd9e40979,class-0-00086,blocked,train,0,0.4489232471567867,state_local_physics,spectral_norm_normalized,interaction,0.8,77104,0.9999999999999999,0.9999999999999998,0.9362857302317822,0.9411221105133117,0.9411221105133117,0.6565089986613794,-3.1637123508983303,-3.3385259014496658,0.17481355055133552,0.17481355055133552,0.3087716409324552,0.8767037349113289,-0.09735158050875098,0.0,False
blocked,0.0,syn-94894c08e232e327,class-0-00093,blocked,train,0,0.38329788105583745,state_local_physics,spectral_norm_normalized,field,0.0,87000,1.0000000000000004,1.0000000000000009,1.0000000000000009,1.0000000000000009,1.0000000000000009,0.6938973348163862,-3.2410856244276403,-3.2410856244276403,0.0,0.0,0.33642230038282217,0.913272732765531,0.0,0.0,True
blocked,0.1,syn-e27b5f6be79d78ff,class-0-00093,blocked,train,0,0.38329788105583745,state_local_physics,spectral_norm_normalized,field,0.1,87001,1.0,1.0,0.9970388065210547,0.9970388065210547,0.9970388065210547,0.6922523147710531,-3.2329722188565992,-3.2410856244276403,0.00811340557104101,0.00811340557104101,0.33642230038282206,0.9114042773414703,-1.1102230246251565e-16,-0.0018684554240606666,True
blocked,0.2,syn-e762b4ebedebb3b0,class-0-00093,blocked,train,0,0.38329788105583745,state_local_physics,spectral_norm_normalized,field,0.2,87002,0.9999999999999999,0.9999999999999998,0.9882010887556295,0.9882010887556297,0.9882010887556297,0.6873388959621901,-3.2087130686100114,-3.2410856244276403,0.03237255581762888,0.03237255581762888,0.336422300382822,0.9058175800582573,-1.6653345369377348e-16,-0.0074551527072737045,True
blocked,0.4,syn-6beaba67909cac49,class-0-00093,blocked,train,0,0.38329788105583745,state_local_physics,spectral_norm_normalized,field,-0.4,87003,1.0,1.0,0.9535293379448716,0.9535293379448716,0.9535293379448716,0.6680064632746676,-3.112885992800073,-3.2410856244276403,0.1281996316275671,0.1281996316275671,0.33642230038282206,0.8837493353487819,-1.1102230246251565e-16,-0.029523397416749142,True
blocked,0.8,syn-14ca273d66f54475,class-0-00093,blocked,train,0,0.38329788105583745,state_local_physics,spectral_norm_normalized,field,0.8,87004,1.0,1.0,0.8251733941156884,0.8251733941156889,0.8251733941156889,0.5956108849839093,-2.7485270008971296,-3.2410856244276403,0.4925586235305106,0.4925586235305106,0.33642230038282217,0.7998402383900076,0.0,-0.11343249437552338,False
blocked,0.0,syn-58275e2ccd021a83,class-0-00093,blocked,train,0,0.38329788105583745,state_local_physics,spectral_norm_normalized,interaction,0.0,87100,1.0000000000000004,1.0000000000000009,1.0000000000000009,1.0000000000000009,1.0000000000000009,0.6938973348163862,-3.2410856244276403,-3.2410856244276403,0.0,0.0,0.33642230038282217,0.913272732765531,0.0,0.0,True
blocked,0.1,syn-6207fc5283a8c9e2,class-0-00093,blocked,train,0,0.38329788105583745,state_local_physics,spectral_norm_normalized,interaction,0.1,87101,1.0000000000000007,1.0000000000000013,0.9992264235974194,0.9992264235974192,0.9992264235974192,0.6925255036048636,-3.238967102893631,-3.2410856244276403,0.0021185215340091545,0.0021185215340091545,0.3350405281120141,0.9132727327655313,-0.001381772270808046,3.3306690738754696e-16,True
blocked,0.2,syn-371265dbeb0f8e66,class-0-00093,blocked,train,0,0.38329788105583745,state_local_physics,spectral_norm_normalized,interaction,-0.2,87102,1.0000000000000004,1.0000000000000009,0.9969158443383432,0.996915844338343,0.996915844338343,0.6884308541890911,-3.2326397399433073,-3.2410856244276403,0.008445884484332922,0.008445884484332922,0.33091360538229947,0.9132727327655311,-0.005508695000522701,1.1102230246251565e-16,True
blocked,0.4,syn-1f15dc884f87767a,class-0-00093,blocked,train,0,0.38329788105583745,state_local_physics,spectral_norm_normalized,interaction,-0.4,87103,1.0000000000000004,1.0000000000000009,0.9878241727836925,0.9878241727836927,0.9878241727836927,0.6723611366701947,-3.207749650196862,-3.2410856244276403,0.03333597423077839,0.03333597423077839,0.31467943675222326,0.9132727327655312,-0.021742863630598908,2.220446049250313e-16,True
blocked,0.8,syn-b7b56b4022f907ee,class-0-00093,blocked,train,0,0.38329788105583745,state_local_physics,spectral_norm_normalized,interaction,0.8,87104,1.0000000000000004,1.0000000000000009,0.9537696796089014,0.9576039506176152,0.9576039506176152,0.6127937319249834,-3.114672868078479,-3.2410856244276403,0.12641275634916127,0.12641275634916127,0.25397157302624035,0.913272732765531,-0.08245072735658182,0.0,True
blocked,0.0,syn-55a6abe178929ba9,class-0-00134,blocked,train,0,0.5512965146415115,state_local_physics,spectral_norm_normalized,field,0.0,97000,1.0000000000000004,1.0000000000000009,1.0000000000000009,1.0000000000000004,1.0000000000000004,0.8375939370852105,-3.5268734950193426,-3.5268734950193426,0.0,0.0,0.5126366807147722,0.8102928858429688,0.0,0.0,True
blocked,0.1,syn-e6fb6d1cb0603bca,class-0-00134,blocked,train,0,0.5512965146415115,state_local_physics,spectral_norm_normalized,field,-0.1,97001,1.0,1.0,0.9971187805551344,0.9971187805551344,0.9971187805551344,0.8358779270820829,-3.5187425823961114,-3.5268734950193426,0.008130912623231179,0.008130912623231179,0.5126366807147721,0.8085548037774176,-1.1102230246251565e-16,-0.0017380820655511497,False
blocked,0.2,syn-211dd38e421def23,class-0-00134,blocked,train,0,0.5512965146415115,state_local_physics,spectral_norm_normalized,field,-0.2,97002,1.0,1.0,0.9885161460081163,0.9885161460081165,0.9885161460081165,0.830751555751848,-3.4944310859176304,-3.5268734950193426,0.032442409101712144,0.032442409101712144,0.5126366807147722,0.803357923922231,0.0,-0.0069349619207377255,False
blocked,0.4,syn-5018563da4f1c63d,class-0-00134,blocked,train,0,0.5512965146415115,state_local_physics,spectral_norm_normalized,field,-0.4,97003,0.9999999999999999,0.9999999999999998,0.9547138115244116,0.9547138115244118,0.9547138115244118,0.8105677911872128,-3.3983972350854397,-3.5268734950193426,0.12847625993390288,0.12847625993390288,0.5126366807147722,0.7828295132072609,0.0,-0.02746337263570786,False
blocked,0.8,syn-50418cb90f08a319,class-0-00134,blocked,train,0,0.5512965146415115,state_local_physics,spectral_norm_normalized,field,-0.8,97004,1.0,1.0,0.8288010861845215,0.8288010861845216,0.8288010861845216,0.7347874949890505,-3.0332520317905516,-3.5268734950193426,0.49362146322879097,0.49362146322879097,0.5126366807147722,0.7047752579745212,0.0,-0.10551762786844754,False
blocked,0.0,syn-1b9784265376a0bc,class-0-00134,blocked,train,0,0.5512965146415115,state_local_physics,spectral_norm_normalized,interaction,0.0,97100,1.0000000000000004,1.0000000000000009,1.0000000000000009,1.0000000000000004,1.0000000000000004,0.8375939370852105,-3.5268734950193426,-3.5268734950193426,0.0,0.0,0.5126366807147722,0.8102928858429688,0.0,0.0,True
blocked,0.1,syn-a3d29436379cd2c4,class-0-00134,blocked,train,0,0.5512965146415115,state_local_physics,spectral_norm_normalized,interaction,0.1,97101,1.0000000000000002,1.0000000000000004,0.998443251294681,0.998443251294681,0.998443251294681,0.8355358908982122,-3.522481451368072,-3.5268734950193426,0.004392043651270772,0.004392043651270772,0.5106449922428584,0.8102928858429685,-0.0019916884719137773,-2.220446049250313e-16,False
blocked,0.2,syn-45c9ba83a3893471,class-0-00134,blocked,train,0,0.5512965146415115,state_local_physics,spectral_norm_normalized,interaction,-0.2,97102,1.0000000000000002,1.0000000000000004,0.993795419021575,0.9937954190215748,0.9937954190215748,0.8293943567213149,-3.50936378707761,-3.5268734950193426,0.017509707941732344,0.017509707941732344,0.5046964400835043,0.8102928858429685,-0.007940240631267859,-2.220446049250313e-16,False
blocked,0.4,syn-22abc4dd09d0c95e,class-0-00134,blocked,train,0,0.5512965146415115,state_local_physics,spectral_norm_normalized,interaction,-0.4,97103,1.0000000000000002,1.0000000000000004,0.9755363655925499,0.9756955620888902,0.9756955620888902,0.8053110940906574,-3.457762536443388,-3.5268734950193426,0.0691109585759544,0.0691109585759544,0.481296486853355,0.8102928858429687,-0.031340193861417176,-1.1102230246251565e-16,False
blocked,0.8,syn-861d136dfef4088b,class-0-00134,blocked,train,0,0.5512965146415115,state_local_physics,spectral_norm_normalized,interaction,0.8,97104,1.0000000000000002,1.0000000000000004,0.9075766978574272,0.9124816215015666,0.9124816215015666,0.716327074952022,-3.264799055345314,-3.5268734950193426,0.26207443967402844,0.26207443967402844,0.3937920876900704,0.8102928858429687,-0.1188445930247018,-1.1102230246251565e-16,False
blocked,0.0,syn-85d6c5d5b29930d4,class-1-00011,blocked,train,1,1.3456156882532924,state_local_physics,spectral_norm_normalized,field,0.0,107000,1.0,1.0,1.0,1.0,1.0,0.811318588272937,-5.944899826283798,-5.944899826283798,0.0,0.0,0.8942471380634396,0.4550285317069661,0.0,0.0,True
blocked,0.1,syn-74e414fb0ffb8eca,class-1-00011,blocked,train,1,1.3456156882532924,state_local_physics,spectral_norm_normalized,field,0.1,107001,0.9999999999999998,0.9999999999999996,0.9990328654138936,0.9990331600719266,0.9990331600719266,0.8097610608000131,-5.93974168710914,-5.944899826283798,0.005158139174658238,0.005158139174658238,0.8942471380634393,0.4541858687635014,-3.3306690738754696e-16,-0.0008426629434646893,True
blocked,0.2,syn-ae1c17ffbf546ced,class-1-00011,blocked,train,1,1.3456156882532924,state_local_physics,spectral_norm_normalized,field,-0.2,107002,0.9999999999999996,0.9999999999999991,0.9961423165970861,0.9961620513650413,0.9961620513650413,0.8051078591330383,-5.92431880800675,-5.944899826283798,0.02058101827704828,0.02058101827704828,0.894247138063439,0.45166629954269133,-5.551115123125783e-16,-0.003362232164274781,True
blocked,0.4,syn-fea8ed4fc053666a,class-1-00011,blocked,train,1,1.3456156882532924,state_local_physics,spectral_norm_normalized,field,0.4,107003,0.9999999999999998,0.9999999999999996,0.9847417011736012,0.9850916920918238,0.9850916920918238,0.7867830062612842,-5.8633962534271635,-5.944899826283798,0.08150357285663468,0.08150357285663468,0.8942471380634394,0.44171364463612,-2.220446049250313e-16,-0.013314887070846104,False
blocked,0.8,syn-8998bb329b926469,class-1-00011,blocked,train,1,1.3456156882532924,state_local_physics,spectral_norm_normalized,field,0.8,107004,0.9999999999999998,0.9999999999999996,0.9416480776563992,0.9459777479601869,0.9459777479601869,0.717922503179937,-5.6317531569103005,-5.944899826283798,0.31314666937349767,0.31314666937349767,0.8942471380634393,0.4038711113242553,-3.3306690738754696e-16,-0.051157420382710816,False
blocked,0.0,syn-4fbbad24f748d5e4,class-1-00011,blocked,train,1,1.3456156882532924,state_local_physics,spectral_norm_normalized,interaction,0.0,107100,1.0,1.0,1.0,1.0,1.0,0.811318588272937,-5.944899826283798,-5.944899826283798,0.0,0.0,0.8942471380634396,0.4550285317069661,0.0,0.0,True
blocked,0.1,syn-d66aaee71a1714d1,class-1-00011,blocked,train,1,1.3456156882532924,state_local_physics,spectral_norm_normalized,interaction,0.1,107101,1.0,1.0,0.9968883161236993,0.9968884507689861,0.9968884507689861,0.8092651070518239,-5.928300441217644,-5.944899826283798,0.016599385066154326,0.016599385066154326,0.8911631622278686,0.45502853170696617,-0.0030839758355709623,5.551115123125783e-17,True
blocked,0.2,syn-2bd22f98f1615627,class-1-00011,blocked,train,1,1.3456156882532924,state_local_physics,spectral_norm_normalized,interaction,-0.2,107102,1.0000000000000002,1.0000000000000004,0.9876062401703203,0.9876076995315444,0.9876076995315444,0.8031374845479508,-5.878723256195162,-5.944899826283798,0.06617657008863631,0.06617657008863631,0.8819522884517838,0.45502853170696617,-0.012294849611655834,5.551115123125783e-17,False
blocked,0.4,syn-562d31974441d957,class-1-00011,blocked,train,1,1.3456156882532924,state_local_physics,spectral_norm_normalized,interaction,-0.4,107103,1.0000000000000002,1.0000000000000004,0.9512618921692215,0.9512688060199685,0.9512688060199685,0.7791130403355986,-5.683700369998516,-5.944899826283798,0.26119945628528196,0.26119945628528196,0.8457192674081232,0.45502853170696617,-0.048527870655316385,5.551115123125783e-17,False
blocked,0.8,syn-370889ab41d9d4c4,class-1-00011,blocked,train,1,1.3456156882532924,state_local_physics,spectral_norm_normalized,interaction,0.8,107104,1.0,1.0,0.8177786185740566,0.8183738864379851,0.8183738864379851,0.6904102332528701,-4.954410002967369,-5.944899826283798,0.9904898233164294,0.9904898233164294,0.7102254608559309,0.4550285317069661,-0.18402167720750873,0.0,False
blocked,0.0,syn-f4e095b7d326329d,class-1-00012,blocked,train,1,1.346090704912023,state_local_physics,spectral_norm_normalized,field,0.0,117000,0.9999999999999999,0.9999999999999998,0.9999999999999998,0.9999999999999996,0.9999999999999996,0.8112232094214595,-5.946599026651649,-5.946599026651649,0.0,0.0,0.8943220881814287,0.45493220149468416,0.0,0.0,True
blocked,0.1,syn-aa438d9dda1fcbd5,class-1-00012,blocked,train,1,1.346090704912023,state_local_physics,spectral_norm_normalized,field,0.1,117001,0.9999999999999999,0.9999999999999998,0.9990334858854764,0.9990334858854764,0.9990334858854764,0.8096662533085526,-5.941442401966901,-5.946599026651649,0.005156624684747868,0.005156624684747868,0.8943220881814286,0.4540898643659982,-1.1102230246251565e-16,-0.0008423371286859771,True
blocked,0.2,syn-d653079701434bf6,class-1-00012,blocked,train,1,1.346090704912023,state_local_physics,spectral_norm_normalized,field,0.2,117002,0.9999999999999997,0.9999999999999993,0.9961447907775247,0.9961639520075707,0.9961639520075707,0.8050147575986101,-5.926024051201952,-5.946599026651649,0.020574975449696886,0.020574975449696886,0.8943220881814284,0.4515712693340906,-2.220446049250313e-16,-0.003360932160593577,True
blocked,0.4,syn-ba8794d87839b703,class-1-00012,blocked,train,1,1.346090704912023,state_local_physics,spectral_norm_normalized,field,-0.4,117003,0.9999999999999998,0.9999999999999996,0.9847514756936974,0.9851029364920386,0.9851029364920386,0.78669660812333,-5.8651193841959515,-5.946599026651649,0.08147964245569739,0.08147964245569739,0.8943220881814286,0.4416224626115181,-1.1102230246251565e-16,-0.013309738883166056,False
blocked,0.8,syn-a194c1c872ed78b7,class-1-00012,blocked,train,1,1.346090704912023,state_local_physics,spectral_norm_normalized,field,0.8,117004,0.9999999999999997,0.9999999999999993,0.9416852883164825,0.9460035770607126,0.9460035770607126,0.717861077623417,-5.6335443007977695,-5.946599026651649,0.3130547258538794,0.3130547258538794,0.8943220881814284,0.4037945610770569,-2.220446049250313e-16,-0.05113764041762725,False
blocked,0.0,syn-bbd0188f4a5eb2d6,class-1-00012,blocked,train,1,1.346090704912023,state_local_physics,spectral_norm_normalized,interaction,0.0,117100,0.9999999999999999,0.9999999999999998,0.9999999999999998,0.9999999999999996,0.9999999999999996,0.8112232094214595,-5.946599026651649,-5.946599026651649,0.0,0.0,0.8943220881814287,0.45493220149468416,0.0,0.0,True
blocked,0.1,syn-fc8ae520f067e841,class-1-00012,blocked,train,1,1.346090704912023,state_local_physics,spectral_norm_normalized,interaction,-0.1,117101,1.0,1.0,0.9968881168884408,0.9968882008964023,0.9968882008964023,0.8091697570595154,-5.92999279721269,-5.946599026651649,0.01660622943895884,0.01660622943895884,0.89123792948054,0.4549322014946842,-0.0030841587008886284,5.551115123125783e-17,True
blocked,0.2,syn-be5ba0ee6aec44ec,class-1-00012,blocked,train,1,1.346090704912023,state_local_physics,spectral_norm_normalized,interaction,0.2,117102,1.0,1.0,0.9876054482501273,0.9876071495453258,0.9876071495453258,0.8030422217156756,-5.880395170183736,-5.946599026651649,0.06620385646791327,0.06620385646791327,0.8820265095427959,0.4549322014946841,-0.012295578638632731,-5.551115123125783e-17,False
blocked,0.4,syn-4a20442343653d39,class-1-00012,blocked,train,1,1.346090704912023,state_local_physics,spectral_norm_normalized,interaction,0.4,117103,1.0,1.0,0.9512588035799112,0.951266789617088,0.951266789617088,0.7790181346315127,-5.685291870807116,-5.946599026651649,0.26130715584453323,0.26130715584453323,0.8457913400507497,0.45493220149468416,-0.048530748130678925,0.0,False
blocked,0.8,syn-8f949b9198f6e2c0,class-1-00012,blocked,train,1,1.346090704912023,state_local_physics,spectral_norm_normalized,interaction,-0.8,117104,0.9999999999999998,0.9999999999999996,0.8177674532701745,0.8183603068431788,0.8183603068431788,0.6903168768569605,-4.95570079774766,-5.946599026651649,0.9908982289039887,0.9908982289039887,0.7102894993506577,0.45493220149468405,-0.184032588830771,-1.1102230246251565e-16,False
blocked,0.0,syn-6d8b56f41000f3b1,class-1-00022,blocked,train,1,1.4573748032984857,state_local_physics,spectral_norm_normalized,field,0.0,127000,0.9999999999999999,0.9999999999999998,0.9999999999999998,1.0,1.0,0.7903105734335762,-6.348306324943292,-6.348306324943292,0.0,0.0,0.9099382626248438,0.4344152528720198,0.0,0.0,True
blocked,0.1,syn-662a56fbc3650d14,class-1-00022,blocked,train,1,1.4573748032984857,state_local_physics,spectral_norm_normalized,field,0.1,127001,0.9999999999999996,0.9999999999999991,0.999164809757524,0.9991648097575238,0.9991648097575238,0.788878262467148,-6.343485057316748,-6.348306324943292,0.004821267626543779,0.004821267626543779,0.9099382626248436,0.4336435248132827,-2.220446049250313e-16,-0.0007717280587370978,True
blocked,0.2,syn-f10a0ff40ebc19b9,class-1-00022,blocked,train,1,1.4573748032984857,state_local_physics,spectral_norm_normalized,field,0.2,127002,0.9999999999999996,0.9999999999999991,0.9966684764603397,0.9966913308820015,0.9966913308820015,0.7845989453015818,-6.329069426949544,-6.348306324943292,0.01923689799374806,0.01923689799374806,0.9099382626248433,0.4313360514887354,-4.440892098500626e-16,-0.0030792013832844356,True
blocked,0.4,syn-ebc909aa50594e8f,class-1-00022,blocked,train,1,1.4573748032984857,state_local_physics,spectral_norm_normalized,field,-0.4,127003,0.9999999999999998,0.9999999999999996,0.986820684398023,0.9871024613737209,0.9871024613737209,0.7677434589497361,-6.272125647385778,-6.348306324943292,0.07618067755751401,0.07618067755751401,0.9099382626248437,0.42222120538105234,-1.1102230246251565e-16,-0.012194047490967475,False
blocked,0.8,syn-71c721337bcb3882,class-1-00022,blocked,train,1,1.4573748032984857,state_local_physics,spectral_norm_normalized,field,0.8,127004,0.9999999999999999,0.9999999999999998,0.9495674174986056,0.9509301535683223,0.9509301535683223,0.7043601422917408,-6.055610868638393,-6.348306324943292,0.2926954563048989,0.2926954563048989,0.9099382626248437,0.387564234884187,-1.1102230246251565e-16,-0.04685101798783281,False
blocked,0.0,syn-4dfbd4aae6c65eb1,class-1-00022,blocked,train,1,1.4573748032984857,state_local_physics,spectral_norm_normalized,interaction,0.0,127100,0.9999999999999999,0.9999999999999998,0.9999999999999998,1.0,1.0,0.7903105734335762,-6.348306324943292,-6.348306324943292,0.0,0.0,0.9099382626248438,0.4344152528720198,0.0,0.0,True
blocked,0.1,syn-e0de72b4dfaae8ed,class-1-00022,blocked,train,1,1.4573748032984857,state_local_physics,spectral_norm_normalized,interaction,-0.1,127101,1.0,1.0,0.9968480126199992,0.9968480126199986,0.9968480126199986,0.7882653854575367,-6.330106776480512,-6.348306324943292,0.018199548462780157,0.018199548462780157,0.9068162880268219,0.4344152528720199,-0.0031219745980218816,5.551115123125783e-17,True
blocked,0.2,syn-7e2d5fda16758cff,class-1-00022,blocked,train,1,1.4573748032984857,state_local_physics,spectral_norm_normalized,interaction,0.2,127102,1.0,1.0,0.9874460568784379,0.9874460568784378,0.9874460568784378,0.7821627388084088,-6.275750402562498,-6.348306324943292,0.07255592238079345,0.07255592238079345,0.8974919238009913,0.43441525287201976,-0.012446338823852487,-5.551115123125783e-17,False
blocked,0.4,syn-1ddb33d71adf4cc7,class-1-00022,blocked,train,1,1.4573748032984857,state_local_physics,spectral_norm_normalized,interaction,0.4,127103,1.0,1.0,0.9506373940935521,0.9506373940935523,0.9506373940935523,0.7582395910726756,-6.061927513669804,-6.348306324943292,0.2863788112734875,0.2863788112734875,0.8608124628262392,0.4344152528720198,-0.04912579979860454,0.0,False
blocked,0.8,syn-63a8777b74322d5a,class-1-00022,blocked,train,1,1.4573748032984857,state_local_physics,spectral_norm_normalized,interaction,-0.8,127104,0.9999999999999998,0.9999999999999996,0.8155246105255156,0.8159969449099479,0.8159969449099479,0.6699613353666837,-5.2623343163720415,-6.348306324943292,1.0859720085712503,1.0859720085712503,0.7236491889230474,0.43441525287201976,-0.18628907370179637,-5.551115123125783e-17,False
blocked,0.0,syn-ec8fe29ea7ba8dd9,class-1-00077,blocked,train,1,1.479329057572701,state_local_physics,spectral_norm_normalized,field,0.0,137000,0.9999999999999997,0.9999999999999993,0.9999999999999993,0.9999999999999993,0.9999999999999993,0.7865033688591483,-6.428332746379931,-6.428332746379931,0.0,0.0,0.912613915890275,0.43080367230930494,0.0,0.0,True
blocked,0.1,syn-189dcf8f0da17856,class-1-00077,blocked,train,1,1.479329057572701,state_local_physics,spectral_norm_normalized,field,0.1,137001,0.9999999999999997,0.9999999999999993,0.9991877180106754,0.9991877180106756,0.9991877180106756,0.7850936194700474,-6.423573258412457,-6.428332746379931,0.004759487967474385,0.004759487967474385,0.9126139158902751,0.43004462968677903,1.1102230246251565e-16,-0.0007590426225259073,True
blocked,0.2,syn-c1e89ec43af5e593,class-1-00077,blocked,train,1,1.479329057572701,state_local_physics,spectral_norm_normalized,field,0.2,137002,0.9999999999999996,0.9999999999999991,0.9967598329687528,0.996782015785825,0.996782015785825,0.7808816722545098,-6.409342349740526,-6.428332746379931,0.018990396639405382,0.018990396639405382,0.9126139158902747,0.42777508592217955,-2.220446049250313e-16,-0.003028586387125387,True
blocked,0.4,syn-87152c1d041d023c,class-1-00077,blocked,train,1,1.479329057572701,state_local_physics,spectral_norm_normalized,field,-0.4,137003,0.9999999999999996,0.9999999999999991,0.9871817235295239,0.9873528200533117,0.9873528200533117,0.7642909974241766,-6.35312824700867,-6.428332746379931,0.07520449937126106,0.07520449937126106,0.912613915890275,0.4188100669428016,0.0,-0.011993605366503346,False
blocked,0.8,syn-710d3943ddecb28c,class-1-00077,blocked,train,1,1.479329057572701,state_local_physics,spectral_norm_normalized,field,-0.8,137004,0.9999999999999997,0.9999999999999993,0.9509436932092924,0.9516755068270237,0.9516755068270237,0.701895484079975,-6.139387885748641,-6.428332746379931,0.28894486063129055,0.28894486063129055,0.9126139158902749,0.3847227774151989,-1.1102230246251565e-16,-0.04608089489410605,False
blocked,0.0,syn-37e263e3a0c38f4b,class-1-00077,blocked,train,1,1.479329057572701,state_local_physics,spectral_norm_normalized,interaction,0.0,137100,0.9999999999999997,0.9999999999999993,0.9999999999999993,0.9999999999999993,0.9999999999999993,0.7865033688591483,-6.428332746379931,-6.428332746379931,0.0,0.0,0.912613915890275,0.43080367230930494,0.0,0.0,True
blocked,0.1,syn-dd71d118dbf7fb15,class-1-00077,blocked,train,1,1.479329057572701,state_local_physics,spectral_norm_normalized,interaction,0.1,137101,0.9999999999999997,0.9999999999999993,0.9968414247160994,0.9968414247160994,0.9968414247160994,0.7844600805008307,-6.409821030795097,-6.428332746379931,0.01851171558483422,0.01851171558483422,0.9094855186803925,0.430803672309305,-0.0031283972098824497,5.551115123125783e-17,True
blocked,0.2,syn-be75525f954bd02e,class-1-00077,blocked,train,1,1.479329057572701,state_local_physics,spectral_norm_normalized,interaction,0.2,137102,0.9999999999999998,0.9999999999999996,0.9874198768037632,0.9874198768037634,0.9874198768037634,0.7783631435335605,-6.354532311063892,-6.428332746379931,0.07380043531603953,0.07380043531603953,0.900141972116465,0.43080367230930494,-0.012471943773810001,0.0,False
blocked,0.4,syn-86855a0fb8c7039b,class-1-00077,blocked,train,1,1.479329057572701,state_local_physics,spectral_norm_normalized,interaction,-0.4,137103,0.9999999999999998,0.9999999999999996,0.9505353754595639,0.9505638220723815,0.9505638220723815,0.7544629894109038,-6.137041832505917,-6.428332746379931,0.29129091387401473,0.29129091387401473,0.8633870531475177,0.430803672309305,-0.04922686274275723,5.551115123125783e-17,False
blocked,0.8,syn-86f0f99cdcefbbdd,class-1-00077,blocked,train,1,1.479329057572701,state_local_physics,spectral_norm_normalized,interaction,0.8,137104,0.9999999999999997,0.9999999999999993,0.8151571184302082,0.8155870463887941,0.8155870463887941,0.6662787348488204,-5.323733640700204,-6.428332746379931,1.1045991056797275,1.1045991056797275,0.7259416031912725,0.43080367230930494,-0.18667231269900242,0.0,False
blocked,0.0,syn-dbbe43e479ea263f,class-1-00095,blocked,train,1,1.3961914916267568,state_local_physics,spectral_norm_normalized,field,0.0,147000,0.9999999999999999,0.9999999999999998,0.9999999999999998,0.9999999999999998,0.9999999999999998,0.8014624626564084,-6.12658773634363,-6.12658773634363,0.0,0.0,0.9018095025968742,0.44520923603286444,0.0,0.0,True
blocked,0.1,syn-2eba29389d835e04,class-1-00095,blocked,train,1,1.3961914916267568,state_local_physics,spectral_norm_normalized,field,0.1,147001,0.9999999999999994,0.9999999999999989,0.9990959435624801,0.9990959435624797,0.9990959435624797,0.7999638372004094,-6.121586810129623,-6.12658773634363,0.005000926214007606,0.005000926214007606,0.9018095025968736,0.44440005618017625,-5.551115123125783e-16,-0.000809179852688191,True
blocked,0.2,syn-65a5895fac6bab0d,class-1-00095,blocked,train,1,1.3961914916267568,state_local_physics,spectral_norm_normalized,field,-0.2,147002,0.9999999999999994,0.9999999999999989,0.9963938506114175,0.9963938506114173,0.9963938506114173,0.7954865075207559,-6.106633999089254,-6.12658773634363,0.01995373725437588,0.01995373725437588,0.9018095025968736,0.4419806016797214,-5.551115123125783e-16,-0.003228634353143023,True
blocked,0.4,syn-355bb379234404a4,class-1-00095,blocked,train,1,1.3961914916267568,state_local_physics,spectral_norm_normalized,field,-0.4,147003,0.9999999999999993,0.9999999999999987,0.9857354891183067,0.986116673459035,0.986116673459035,0.7778527760539423,-6.047568279862807,-6.12658773634363,0.07901945648082354,0.07901945648082354,0.9018095025968736,0.4324234140834081,-5.551115123125783e-16,-0.012785821949456322,False
blocked,0.8,syn-1a6cd58c292e5f00,class-1-00095,blocked,train,1,1.3961914916267568,state_local_physics,spectral_norm_normalized,field,-0.8,147004,0.9999999999999992,0.9999999999999984,0.9454324363384892,0.9484824876971474,0.9484824876971474,0.7115676698766734,-5.822985345118407,-6.12658773634363,0.3036023912252235,0.3036023912252235,0.9018095025968738,0.3960845483861327,-4.440892098500626e-16,-0.049124687646731724,False
blocked,0.0,syn-a907f7ac43ce865c,class-1-00095,blocked,train,1,1.3961914916267568,state_local_physics,spectral_norm_normalized,interaction,0.0,147100,0.9999999999999999,0.9999999999999998,0.9999999999999998,0.9999999999999998,0.9999999999999998,0.8014624626564084,-6.12658773634363,-6.12658773634363,0.0,0.0,0.9018095025968742,0.44520923603286444,0.0,0.0,True
blocked,0.1,syn-ed8249dcd9b5da1d,class-1-00095,blocked,train,1,1.3961914916267568,state_local_physics,spectral_norm_normalized,interaction,-0.1,147101,1.0,1.0,0.9968685374074344,0.9968685374074344,0.9968685374074344,0.799412397296982,-6.10926177739455,-6.12658773634363,0.017325958949080622,0.017325958949080622,0.8987071418080809,0.44520923603286444,-0.0031023607887933347,0.0,True
blocked,0.2,syn-3ed05192d9e13a89,class-1-00095,blocked,train,1,1.3961914916267568,state_local_physics,spectral_norm_normalized,interaction,0.2,147102,0.9999999999999999,0.9999999999999998,0.9875276272485534,0.9875276272485536,0.9875276272485536,0.7932950753668678,-6.057514542838137,-6.12658773634363,0.0690731935054929,0.0690731935054929,0.8894413579118976,0.44520923603286433,-0.0123681446849766,-1.1102230246251565e-16,False
blocked,0.4,syn-2beb36e1f2d23d9e,class-1-00095,blocked,train,1,1.3961914916267568,state_local_physics,spectral_norm_normalized,interaction,0.4,147103,1.0,1.0,0.9509553470610475,0.9509762357339274,0.9509762357339274,0.7693126038714917,-5.853955284051867,-6.12658773634363,0.2726324522917629,0.2726324522917629,0.8529923356955582,0.4452092360328644,-0.04881716690131599,-5.551115123125783e-17,False
blocked,0.8,syn-1663f278d4e1a4c1,class-1-00095,blocked,train,1,1.3961914916267568,state_local_physics,spectral_norm_normalized,interaction,-0.8,147104,0.9999999999999999,0.9999999999999998,0.8166712833965608,0.8172227900656219,0.8172227900656219,0.6807885489051915,-5.092743051744226,-6.12658773634363,1.033844684599404,1.033844684599404,0.7166907902283381,0.4452092360328644,-0.18511871236853605,-5.551115123125783e-17,False
blocked,0.0,syn-99ab413c46334a6a,class-1-00106,blocked,train,1,1.2997971876489924,state_local_physics,spectral_norm_normalized,field,0.0,157000,1.0,1.0,1.0,0.9999999999999998,0.9999999999999998,0.8207779701826621,-5.781693283187167,-5.781693283187167,0.0,0.0,0.8866353088459926,0.4647142843854526,0.0,0.0,True
blocked,0.1,syn-1ccb2141b2d8d365,class-1-00106,blocked,train,1,1.2997971876489924,state_local_physics,spectral_norm_normalized,field,-0.1,157001,0.9999999999999997,0.9999999999999993,0.9989703415378226,0.9989703415378226,0.9989703415378226,0.8191636405963146,-5.776385592131188,-5.781693283187167,0.005307691055978836,0.005307691055978836,0.8866353088459924,0.4638391264999873,-2.220446049250313e-16,-0.000875157885465272,True
blocked,0.2,syn-608c58170df14009,class-1-00106,blocked,train,1,1.2997971876489924,state_local_physics,spectral_norm_normalized,field,0.2,157002,0.9999999999999998,0.9999999999999996,0.9958930024345716,0.9958930024345716,0.9958930024345716,0.8143408433302259,-5.7605155516577975,-5.781693283187167,0.021177731529369304,0.021177731529369304,0.8866353088459924,0.4612223971318948,-2.220446049250313e-16,-0.0034918872535578127,True
blocked,0.4,syn-3e3253841965306f,class-1-00106,blocked,train,1,1.2997971876489924,state_local_physics,spectral_norm_normalized,field,0.4,157003,0.9999999999999997,0.9999999999999993,0.9837568339730927,0.9841419002571494,0.9841419002571494,0.7953496273756464,-5.697826646395575,-5.781693283187167,0.08386663679159145,0.08386663679159145,0.8866353088459924,0.45088594589673353,-2.220446049250313e-16,-0.01382833848871906,False
blocked,0.8,syn-019434250d143ed0,class-1-00106,blocked,train,1,1.2997971876489924,state_local_physics,spectral_norm_normalized,field,-0.8,157004,0.9999999999999998,0.9999999999999996,0.9378998902920298,0.9432561576689453,0.9432561576689453,0.7240073650814376,-5.459467433910103,-5.781693283187167,0.3222258492770642,0.3222258492770642,0.8866353088459924,0.41158412102035924,-2.220446049250313e-16,-0.05313016336509335,False
blocked,0.0,syn-1817a1817ac3cc72,class-1-00106,blocked,train,1,1.2997971876489924,state_local_physics,spectral_norm_normalized,interaction,0.0,157100,1.0,1.0,1.0,0.9999999999999998,0.9999999999999998,0.8207779701826621,-5.781693283187167,-5.781693283187167,0.0,0.0,0.8866353088459926,0.4647142843854526,0.0,0.0,True
blocked,0.1,syn-a368b633e1ea618c,class-1-00106,blocked,train,1,1.2997971876489924,state_local_physics,spectral_norm_normalized,interaction,0.1,157101,1.0,1.0,0.9969088819037312,0.9969088819037312,0.9969088819037312,0.8187220513957763,-5.76575602229778,-5.781693283187167,0.01593726088938663,0.01593726088938663,0.8835699727610967,0.4647142843854527,-0.0030653360848958977,1.1102230246251565e-16,True
blocked,0.2,syn-ac5a1f676d4da752,class-1-00106,blocked,train,1,1.2997971876489924,state_local_physics,spectral_norm_normalized,interaction,0.2,157102,1.0,1.0,0.9876879886972559,0.9876879886972559,0.9876879886972559,0.8125870513620277,-5.718156395641984,-5.781693283187167,0.06353688754518316,0.06353688754518316,0.874414770105617,0.4647142843854526,-0.012220538740375653,0.0,False
blocked,0.4,syn-a1a93dad71fe9806,class-1-00106,blocked,train,1,1.2997971876489924,state_local_physics,spectral_norm_normalized,interaction,0.4,157103,1.0000000000000002,1.0000000000000004,0.9515807797133408,0.9515807797133412,0.9515807797133412,0.7885321507093321,-5.530912675207142,-5.781693283187167,0.2507806079800252,0.2507806079800252,0.8384007437994209,0.46471428438545265,-0.048234565046571753,5.551115123125783e-17,False
blocked,0.8,syn-f68c65f11460f58b,class-1-00106,blocked,train,1,1.2997971876489924,state_local_physics,spectral_norm_normalized,interaction,-0.8,157104,1.0,1.0,0.818932273095208,0.819608671445103,0.819608671445103,0.699693950021008,-4.83071258965148,-5.781693283187167,0.950980693535687,0.950980693535687,0.703725870632833,0.46471428438545254,-0.18290943821315964,-5.551115123125783e-17,False
blocked,0.0,syn-e4283cd143ed456b,class-1-00107,blocked,train,1,1.224023399457081,state_local_physics,spectral_norm_normalized,field,0.0,167000,0.9999999999999997,0.9999999999999993,0.9999999999999993,0.9999999999999996,0.9999999999999996,0.8375939370852105,-5.515085663072181,-5.515085663072181,0.0,0.0,0.8721787345999594,0.4826162345812035,0.0,0.0,True
blocked,0.1,syn-9f0dcac8ba4fa2c6,class-1-00107,blocked,train,1,1.224023399457081,state_local_physics,spectral_norm_normalized,field,-0.1,167001,0.9999999999999992,0.9999999999999984,0.9988542769276664,0.9988542769276662,0.9988542769276662,0.8358779270820829,-5.509515173416204,-5.515085663072181,0.005570489655977617,0.005570489655977617,0.8721787345999591,0.4816823661083922,-3.3306690738754696e-16,-0.0009338684728112945,False
blocked,0.2,syn-40ffe5a6f9d6905c,class-1-00107,blocked,train,1,1.224023399457081,state_local_physics,spectral_norm_normalized,field,0.2,167002,0.9999999999999991,0.9999999999999982,0.9954302198876694,0.9954302198876694,0.9954302198876694,0.8307515557518474,-5.49285936293956,-5.515085663072181,0.022226300132620835,0.022226300132620835,0.872178734599959,0.4788900915950438,-4.440892098500626e-16,-0.0037261429861596973,False
blocked,0.4,syn-ad5c3add16891836,class-1-00107,blocked,train,1,1.224023399457081,state_local_physics,spectral_norm_normalized,field,-0.4,167003,0.9999999999999992,0.9999999999999984,0.981929100035975,0.9823507164642574,0.9823507164642574,0.8105677911872126,-5.42706655498885,-5.515085663072181,0.0880191080833308,0.0880191080833308,0.872178734599959,0.4678602121988997,-4.440892098500626e-16,-0.01475602238230378,False
blocked,0.8,syn-4129bac8edea6531,class-1-00107,blocked,train,1,1.224023399457081,state_local_physics,spectral_norm_normalized,field,0.8,167004,0.9999999999999994,0.9999999999999989,0.9309497766508886,0.9375936560311181,0.9375936560311181,0.734787494989051,-5.176905512540565,-5.515085663072181,0.338180150531616,0.338180150531616,0.8721787345999593,0.4259217965306499,-1.1102230246251565e-16,-0.05669443805055363,False
blocked,0.0,syn-c1a8ea30a9075f96,class-1-00107,blocked,train,1,1.224023399457081,state_local_physics,spectral_norm_normalized,interaction,0.0,167100,0.9999999999999997,0.9999999999999993,0.9999999999999993,0.9999999999999996,0.9999999999999996,0.8375939370852105,-5.515085663072181,-5.515085663072181,0.0,0.0,0.8721787345999594,0.4826162345812035,0.0,0.0,True
blocked,0.1,syn-171613b0c5bd37c4,class-1-00107,blocked,train,1,1.224023399457081,state_local_physics,spectral_norm_normalized,interaction,-0.1,167101,0.9999999999999999,0.9999999999999998,0.9969497234592086,0.9969497234592086,0.9969497234592086,0.8355358908982122,-5.500252639986728,-5.515085663072181,0.014833023085452979,0.014833023085452979,0.8691491717884902,0.4826162345812035,-0.0030295628114692663,0.0,False
blocked,0.2,syn-a36f65b8f7e2c3a2,class-1-00107,blocked,train,1,1.224023399457081,state_local_physics,spectral_norm_normalized,interaction,0.2,167102,0.9999999999999997,0.9999999999999993,0.9878503530414777,0.9878503530414777,0.9878503530414777,0.8293943567213149,-5.455951027184834,-5.515085663072181,0.059134635887347464,0.059134635887347464,0.8601008127412805,0.4826162345812035,-0.012077921858678953,0.0,False
blocked,0.4,syn-66ea7eebe0de2140,class-1-00107,blocked,train,1,1.224023399457081,state_local_physics,spectral_norm_normalized,interaction,-0.4,167103,0.9999999999999998,0.9999999999999996,0.9522144521791874,0.9522144521791877,0.9522144521791877,0.8053110940906576,-5.281680777918486,-5.515085663072181,0.2334048851536954,0.2334048851536954,0.8245070795365791,0.48261623458120345,-0.047671655063380336,-5.551115123125783e-17,False
blocked,0.8,syn-a1227ae405c0ef58,class-1-00107,blocked,train,1,1.224023399457081,state_local_physics,spectral_norm_normalized,interaction,-0.8,167104,0.9999999999999997,0.9999999999999993,0.8212294887919347,0.8212294887919347,0.8212294887919347,0.716327074952022,-4.629995139742088,-5.515085663072181,0.885090523330093,0.885090523330093,0.6914038973454845,0.48261623458120345,-0.18077483725447496,-5.551115123125783e-17,False
blocked,0.0,syn-ccdc1904957c84aa,class-1-00125,blocked,train,1,1.3561641415070051,state_local_physics,spectral_norm_normalized,field,0.0,177000,1.0,1.0,1.0,1.0,1.0,0.8092132925807968,-5.98266638599031,-5.98266638599031,0.0,0.0,0.8958933505646587,0.4529082721295532,0.0,0.0,True
blocked,0.1,syn-0d0c1231e53a6344,class-1-00125,blocked,train,1,1.3561641415070051,state_local_physics,spectral_norm_normalized,field,0.1,177001,0.9999999999999997,0.9999999999999993,0.9990465151656069,0.9990465151656072,0.9990465151656072,0.8076683704736791,-5.977541707068445,-5.98266638599031,0.005124678921864856,0.005124678921864856,0.8958933505646581,0.45207279259842265,-5.551115123125783e-16,-0.0008354795311305563,True
blocked,0.2,syn-f87c8095a85653d3,class-1-00125,blocked,train,1,1.3561641415070051,state_local_physics,spectral_norm_normalized,field,-0.2,177002,0.9999999999999994,0.9999999999999989,0.9961967462994568,0.9961967462994568,0.9961967462994568,0.8030528058416567,-5.9622188744006515,-5.98266638599031,0.020447511589658518,0.020447511589658518,0.8958933505646579,0.44957470184033366,-7.771561172376096e-16,-0.003333570289219545,True
blocked,0.4,syn-ee2025cc1ce57e80,class-1-00125,blocked,train,1,1.3561641415070051,state_local_physics,spectral_norm_normalized,field,0.4,177003,0.9999999999999996,0.9999999999999991,0.9849567350616202,0.9853324578683584,0.9853324578683584,0.7848758463021364,-5.901691517392914,-5.98266638599031,0.08097486859739611,0.08097486859739611,0.8958933505646582,0.439706889900418,-4.440892098500626e-16,-0.013201382229135195,False
blocked,0.8,syn-0a94543d00bc7916,class-1-00125,blocked,train,1,1.3561641415070051,state_local_physics,spectral_norm_normalized,field,-0.8,177004,0.9999999999999996,0.9999999999999991,0.9424667408684011,0.9465405448213069,0.9465405448213069,0.7165663312768058,-5.671551062876384,-5.98266638599031,0.31111532311392587,0.31111532311392587,0.8958933505646582,0.4021869511949255,-4.440892098500626e-16,-0.05072132093462772,False
blocked,0.0,syn-66b9cb3f1a072661,class-1-00125,blocked,train,1,1.3561641415070051,state_local_physics,spectral_norm_normalized,interaction,0.0,177100,1.0,1.0,1.0,1.0,1.0,0.8092132925807968,-5.98266638599031,-5.98266638599031,0.0,0.0,0.8958933505646587,0.4529082721295532,0.0,0.0,True
blocked,0.1,syn-4b0420dd25981372,class-1-00125,blocked,train,1,1.3561641415070051,state_local_physics,spectral_norm_normalized,interaction,-0.1,177101,1.0000000000000002,1.0000000000000004,0.9968839548448966,0.9968839548448966,0.9968839548448966,0.8071604677520443,-5.965915104578174,-5.98266638599031,0.016751281412135555,0.016751281412135555,0.8928053612683332,0.45290827212955326,-0.0030879892963254774,5.551115123125783e-17,True
blocked,0.2,syn-a0688fa764dee69d,class-1-00125,blocked,train,1,1.3561641415070051,state_local_physics,spectral_norm_normalized,interaction,0.2,177102,1.0,1.0,0.9875889051229781,0.9875903037325949,0.9875903037325949,0.8010348269611717,-5.915884252554233,-5.98266638599031,0.0667821334360772,0.0667821334360772,0.8835825005369718,0.45290827212955315,-0.012310850027686837,-5.551115123125783e-17,False
blocked,0.4,syn-3857fa3e370a9daa,class-1-00125,blocked,train,1,1.3561641415070051,state_local_physics,spectral_norm_normalized,interaction,-0.4,177103,1.0,1.0,0.9511942858227376,0.95122429087713,0.95122429087713,0.7770184921873319,-5.719076766284861,-5.98266638599031,0.26358961970544925,0.26358961970544925,0.8473023261381203,0.4529082721295532,-0.0485910244265384,0.0,False
blocked,0.8,syn-7a7cdeb8246dd937,class-1-00125,blocked,train,1,1.3561641415070051,state_local_physics,spectral_norm_normalized,interaction,-0.8,177104,0.9999999999999999,0.9999999999999998,0.817534258629715,0.8180690011846684,0.8180690011846684,0.6883507166956128,-4.983112866380606,-5.98266638599031,0.9995535196097043,0.9995535196097043,0.7116321890619342,0.45290827212955315,-0.18426116150272454,-5.551115123125783e-17,False
blocked,0.0,syn-3402910ccf8ff740,class-1-00133,blocked,train,1,1.3435025162299623,state_local_physics,spectral_norm_normalized,field,0.0,187000,0.9999999999999998,0.9999999999999996,0.9999999999999996,0.9999999999999996,0.9999999999999996,0.811743551770723,-5.937342446225497,-5.937342446225497,0.0,0.0,0.893912766828793,0.4554580510343409,0.0,0.0,True
blocked,0.1,syn-030438d42c8f1498,class-1-00133,blocked,train,1,1.3435025162299623,state_local_physics,spectral_norm_normalized,field,0.1,187001,0.9999999999999997,0.9999999999999993,0.999030098480609,0.9990313281971956,0.9990313281971956,0.8101834782568899,-5.9321775608045995,-5.937342446225497,0.005164885420897214,0.005164885420897214,0.8939127668287927,0.4546139359771594,-2.220446049250313e-16,-0.0008441150571815159,True
blocked,0.2,syn-13d3c731d50fe1a4,class-1-00133,blocked,train,1,1.3435025162299623,state_local_physics,spectral_norm_normalized,field,-0.2,187002,0.9999999999999996,0.9999999999999991,0.9961312832390953,0.9961532020241288,0.9961532020241288,0.8055226746719736,-5.916734510369749,-5.937342446225497,0.020607935855747606,0.020607935855747606,0.8939127668287926,0.45209002492423894,-3.3306690738754696e-16,-0.0033680261101019515,True
blocked,0.4,syn-5f8a9ba9ec3d144f,class-1-00133,blocked,train,1,1.3435025162299623,state_local_physics,spectral_norm_normalized,field,-0.4,187003,0.9999999999999996,0.9999999999999991,0.9846981128669912,0.9850484000078932,0.9850484000078932,0.7871679508977472,-5.855732276172973,-5.937342446225497,0.08161017005252358,0.08161017005252358,0.8939127668287927,0.44212021916652233,-2.220446049250313e-16,-0.013337831867818561,False
blocked,0.8,syn-f72c6b7742daece3,class-1-00133,blocked,train,1,1.3435025162299623,state_local_physics,spectral_norm_normalized,field,-0.8,187004,0.9999999999999996,0.9999999999999991,0.9414821437825825,0.9458622808556111,0.9458622808556111,0.7181961695425625,-5.6237862174218085,-5.937342446225497,0.31355622880368816,0.31355622880368816,0.8939127668287927,0.40421247394267174,-2.220446049250313e-16,-0.05124557709166916,False
blocked,0.0,syn-53c7fdd7a87d368c,class-1-00133,blocked,train,1,1.3435025162299623,state_local_physics,spectral_norm_normalized,interaction,0.0,187100,0.9999999999999998,0.9999999999999996,0.9999999999999996,0.9999999999999996,0.9999999999999996,0.811743551770723,-5.937342446225497,-5.937342446225497,0.0,0.0,0.893912766828793,0.4554580510343409,0.0,0.0,True
blocked,0.1,syn-fd2b262b00b139b6,class-1-00133,blocked,train,1,1.3435025162299623,state_local_physics,spectral_norm_normalized,interaction,0.1,187101,0.9999999999999999,0.9999999999999998,0.9968892057414089,0.9968892057414085,0.9968892057414085,0.8096899429851323,-5.920773514062185,-5.937342446225497,0.016568932163311345,0.016568932163311345,0.8908296069606211,0.45545805103434095,-0.0030831598681718697,5.551115123125783e-17,True
blocked,0.2,syn-06b8fa915fc92aaa,class-1-00133,blocked,train,1,1.3435025162299623,state_local_physics,spectral_norm_normalized,interaction,0.2,187102,0.9999999999999997,0.9999999999999993,0.9876097762308409,0.9876097762308409,0.9876097762308409,0.8035619351754206,-5.871287282360719,-5.937342446225497,0.06605516386477728,0.06605516386477728,0.8816211702246167,0.45545805103434084,-0.012291596604176225,-5.551115123125783e-17,False
blocked,0.4,syn-b3f5d4dd0e3ace72,class-1-00133,blocked,train,1,1.3435025162299623,state_local_physics,spectral_norm_normalized,interaction,-0.4,187103,0.9999999999999999,0.9999999999999998,0.9512756833888786,0.9512889890608498,0.9512889890608498,0.7795359116702898,-5.676622181285718,-5.937342446225497,0.2607202649397786,0.2607202649397786,0.8453977358202553,0.45545805103434095,-0.0485150310085376,5.551115123125783e-17,False
blocked,0.8,syn-7584ec70847b6657,class-1-00133,blocked,train,1,1.3435025162299623,state_local_physics,spectral_norm_normalized,interaction,-0.8,187104,0.9999999999999998,0.9999999999999996,0.8178284760955187,0.8184341208794754,0.8184341208794754,0.6908262454005406,-4.94866975590732,-5.937342446225497,0.9886726903181771,0.9886726903181771,0.7099397786180007,0.4554580510343409,-0.18397298821079222,0.0,False
blocked,0.0,syn-e4a59045f4c63bb6,class-1-00135,blocked,train,1,1.5043931146559029,state_local_physics,spectral_norm_normalized,field,0.0,197000,1.0000000000000002,1.0000000000000004,1.0000000000000004,1.0,1.0,0.7822764034349404,-6.519975232162636,-6.519975232162636,0.0,0.0,0.9155271392981721,0.4268362370180996,0.0,0.0,True
blocked,0.1,syn-85f058e2c1a3c4e8,class-1-00135,blocked,train,1,1.5043931146559029,state_local_physics,spectral_norm_normalized,field,-0.1,197001,0.9999999999999999,0.9999999999999998,0.9992127953070384,0.9992127953070384,0.9992127953070384,0.7808916576900031,-6.515284606507029,-6.519975232162636,0.0046906256556074055,0.0046906256556074055,0.9155271392981718,0.42609122059617915,-3.3306690738754696e-16,-0.0007450164219204303,False
blocked,0.2,syn-a706c4e8ebe93129,class-1-00135,blocked,train,1,1.5043931146559029,state_local_physics,spectral_norm_normalized,field,-0.2,197002,0.9999999999999998,0.9999999999999996,0.9968598409382554,0.996859840938255,0.996859840938255,0.7767543737102603,-6.501259596721246,-6.519975232162636,0.018715635441390432,0.018715635441390432,0.9155271392981716,0.42386361528823646,-4.440892098500626e-16,-0.002972621729863123,False
blocked,0.4,syn-cc6ce31e11353a9f,class-1-00135,blocked,train,1,1.5043931146559029,state_local_physics,spectral_norm_normalized,field,-0.4,197003,0.9999999999999998,0.9999999999999996,0.9875769760534794,0.9875769760534792,0.9875769760534792,0.7604571951496393,-6.4458588237215295,-6.519975232162636,0.07411640844110678,0.07411640844110678,0.9155271392981716,0.4150642591463669,-4.440892098500626e-16,-0.011771977871732675,False
blocked,0.8,syn-d84225df1cc29bb5,class-1-00135,blocked,train,1,1.5043931146559029,state_local_physics,spectral_norm_normalized,field,0.8,197004,0.9999999999999999,0.9999999999999998,0.9524507263689129,0.9524507263689131,0.9524507263689131,0.6991567339693878,-6.2352109496190495,-6.519975232162636,0.28476428254358677,0.28476428254358677,0.915527139298172,0.38160686199479876,-1.1102230246251565e-16,-0.04522937502330082,False
blocked,0.0,syn-41f8a34488772cea,class-1-00135,blocked,train,1,1.5043931146559029,state_local_physics,spectral_norm_normalized,interaction,0.0,197100,1.0000000000000002,1.0000000000000004,1.0000000000000004,1.0,1.0,0.7822764034349404,-6.519975232162636,-6.519975232162636,0.0,0.0,0.9155271392981721,0.4268362370180996,0.0,0.0,True
blocked,0.1,syn-34bce97c31b10389,class-1-00135,blocked,train,1,1.5043931146559029,state_local_physics,spectral_norm_normalized,interaction,0.1,197101,1.0000000000000002,1.0000000000000004,0.9968343469759325,0.9968343469759325,0.9968343469759325,0.7802353590808891,-6.501107908102742,-6.519975232162636,0.018867324059894663,0.018867324059894663,0.9123917679853006,0.4268362370180997,-0.003135371312871449,1.1102230246251565e-16,True
blocked,0.2,syn-bd41905aec83d0e8,class-1-00135,blocked,train,1,1.5043931146559029,state_local_physics,spectral_norm_normalized,interaction,0.2,197102,1.0000000000000002,1.0000000000000004,0.9873917511699428,0.987391751169943,0.987391751169943,0.7741451639072728,-6.4447570967884245,-6.519975232162636,0.07521813537421185,0.07521813537421185,0.9030273919513133,0.42683623701809964,-0.01249974734685877,5.551115123125783e-17,False
blocked,0.4,syn-0bd3db630a6e3585,class-1-00135,blocked,train,1,1.5043931146559029,state_local_physics,spectral_norm_normalized,interaction,0.4,197103,1.0000000000000002,1.0000000000000004,0.9504257916065875,0.950453083167811,0.950453083167811,0.7502721157320494,-6.223088644716025,-6.519975232162636,0.2968865874466111,0.2968865874466111,0.8661905356281736,0.42683623701809964,-0.04933660366999848,5.551115123125783e-17,False
blocked,0.8,syn-8184d530103d21ae,class-1-00135,blocked,train,1,1.5043931146559029,state_local_physics,spectral_norm_normalized,interaction,-0.8,197104,1.0,1.0,0.8147626190709072,0.8151823488702771,0.8151823488702771,0.6621980306371901,-5.394156872020891,-6.519975232162636,1.1258183601417455,1.1258183601417455,0.7284386799762795,0.4268362370180996,-0.18708845932189255,0.0,False
